rank,qualified,entry_pattern,timeframe,trail_timeframe,range_start,range_end,session_start,entry_cutoff,session_end,entry_buffer_pct,stop_points,stop_points_unit,first_trail_profit,first_trail_profit_unit,first_trail_lock_loss,first_trail_lock_loss_unit,second_trail_profit,second_trail_profit_unit,total_trades,wins,losses,win_rate_pct,net_points,profit_factor,max_drawdown_points
1,False,BOTH,M5,M1,10:30,11:30,11:30,19:00,21:30,0.05,200.0,POINTS,400.0,POINTS,300.0,POINTS,700.0,POINTS,52,32,20,61.54,139.93,1.15,-504.87
2,False,BOTH,M5,M1,10:30,11:30,11:30,19:00,21:30,0.05,200.0,POINTS,400.0,POINTS,400.0,POINTS,700.0,POINTS,52,32,20,61.54,139.93,1.15,-504.87
3,False,BOTH,M5,M1,10:30,11:30,11:30,19:00,21:30,0.05,200.0,POINTS,400.0,POINTS,200.0,POINTS,700.0,POINTS,52,32,20,61.54,139.93,1.15,-504.87
4,False,BOTH,M5,M1,10:30,11:30,11:30,19:00,21:30,0.05,200.0,POINTS,700.0,POINTS,300.0,POINTS,700.0,POINTS,52,32,20,61.54,139.93,1.15,-504.87
5,False,BOTH,M5,M1,10:30,11:30,11:30,19:00,21:30,0.05,200.0,POINTS,700.0,POINTS,400.0,POINTS,700.0,POINTS,52,32,20,61.54,139.93,1.15,-504.87
6,False,BOTH,M5,M1,10:30,11:30,11:30,19:00,21:30,0.05,200.0,POINTS,700.0,POINTS,200.0,POINTS,700.0,POINTS,52,32,20,61.54,139.93,1.15,-504.87
7,False,BOTH,M5,M1,10:30,11:30,11:30,19:00,21:30,0.05,200.0,POINTS,600.0,POINTS,300.0,POINTS,700.0,POINTS,52,32,20,61.54,139.93,1.15,-504.87
8,False,BOTH,M5,M1,10:30,11:30,11:30,19:00,21:30,0.05,200.0,POINTS,600.0,POINTS,400.0,POINTS,700.0,POINTS,52,32,20,61.54,139.93,1.15,-504.87
9,False,BOTH,M5,M1,10:30,11:30,11:30,19:00,21:30,0.05,200.0,POINTS,600.0,POINTS,200.0,POINTS,700.0,POINTS,52,32,20,61.54,139.93,1.15,-504.87
10,False,BOTH,M5,M1,10:30,11:30,11:30,19:00,21:30,0.05,200.0,POINTS,500.0,POINTS,300.0,POINTS,700.0,POINTS,52,32,20,61.54,139.93,1.15,-504.87
11,False,BOTH,M5,M1,10:30,11:30,11:30,19:00,21:30,0.05,200.0,POINTS,500.0,POINTS,400.0,POINTS,700.0,POINTS,52,32,20,61.54,139.93,1.15,-504.87
12,False,BOTH,M5,M1,10:30,11:30,11:30,19:00,21:30,0.05,200.0,POINTS,500.0,POINTS,200.0,POINTS,700.0,POINTS,52,32,20,61.54,139.93,1.15,-504.87
13,False,BOTH,M5,M2,10:30,11:30,11:30,19:00,21:30,0.05,200.0,POINTS,400.0,POINTS,300.0,POINTS,700.0,POINTS,52,32,20,61.54,139.93,1.15,-504.87
14,False,BOTH,M5,M2,10:30,11:30,11:30,19:00,21:30,0.05,200.0,POINTS,400.0,POINTS,400.0,POINTS,700.0,POINTS,52,32,20,61.54,139.93,1.15,-504.87
15,False,BOTH,M5,M2,10:30,11:30,11:30,19:00,21:30,0.05,200.0,POINTS,400.0,POINTS,200.0,POINTS,700.0,POINTS,52,32,20,61.54,139.93,1.15,-504.87
16,False,BOTH,M5,M2,10:30,11:30,11:30,19:00,21:30,0.05,200.0,POINTS,700.0,POINTS,300.0,POINTS,700.0,POINTS,52,32,20,61.54,139.93,1.15,-504.87
17,False,BOTH,M5,M2,10:30,11:30,11:30,19:00,21:30,0.05,200.0,POINTS,700.0,POINTS,400.0,POINTS,700.0,POINTS,52,32,20,61.54,139.93,1.15,-504.87
18,False,BOTH,M5,M2,10:30,11:30,11:30,19:00,21:30,0.05,200.0,POINTS,700.0,POINTS,200.0,POINTS,700.0,POINTS,52,32,20,61.54,139.93,1.15,-504.87
19,False,BOTH,M5,M2,10:30,11:30,11:30,19:00,21:30,0.05,200.0,POINTS,600.0,POINTS,300.0,POINTS,700.0,POINTS,52,32,20,61.54,139.93,1.15,-504.87
20,False,BOTH,M5,M2,10:30,11:30,11:30,19:00,21:30,0.05,200.0,POINTS,600.0,POINTS,400.0,POINTS,700.0,POINTS,52,32,20,61.54,139.93,1.15,-504.87
21,False,BOTH,M5,M2,10:30,11:30,11:30,19:00,21:30,0.05,200.0,POINTS,600.0,POINTS,200.0,POINTS,700.0,POINTS,52,32,20,61.54,139.93,1.15,-504.87
22,False,BOTH,M5,M2,10:30,11:30,11:30,19:00,21:30,0.05,200.0,POINTS,500.0,POINTS,300.0,POINTS,700.0,POINTS,52,32,20,61.54,139.93,1.15,-504.87
23,False,BOTH,M5,M2,10:30,11:30,11:30,19:00,21:30,0.05,200.0,POINTS,500.0,POINTS,400.0,POINTS,700.0,POINTS,52,32,20,61.54,139.93,1.15,-504.87
24,False,BOTH,M5,M2,10:30,11:30,11:30,19:00,21:30,0.05,200.0,POINTS,500.0,POINTS,200.0,POINTS,700.0,POINTS,52,32,20,61.54,139.93,1.15,-504.87
25,False,BOTH,M5,M3,10:30,11:30,11:30,19:00,21:30,0.05,200.0,POINTS,400.0,POINTS,300.0,POINTS,700.0,POINTS,52,32,20,61.54,139.93,1.15,-504.87
26,False,BOTH,M5,M3,10:30,11:30,11:30,19:00,21:30,0.05,200.0,POINTS,400.0,POINTS,400.0,POINTS,700.0,POINTS,52,32,20,61.54,139.93,1.15,-504.87
27,False,BOTH,M5,M3,10:30,11:30,11:30,19:00,21:30,0.05,200.0,POINTS,400.0,POINTS,200.0,POINTS,700.0,POINTS,52,32,20,61.54,139.93,1.15,-504.87
28,False,BOTH,M5,M3,10:30,11:30,11:30,19:00,21:30,0.05,200.0,POINTS,700.0,POINTS,300.0,POINTS,700.0,POINTS,52,32,20,61.54,139.93,1.15,-504.87
29,False,BOTH,M5,M3,10:30,11:30,11:30,19:00,21:30,0.05,200.0,POINTS,700.0,POINTS,400.0,POINTS,700.0,POINTS,52,32,20,61.54,139.93,1.15,-504.87
30,False,BOTH,M5,M3,10:30,11:30,11:30,19:00,21:30,0.05,200.0,POINTS,700.0,POINTS,200.0,POINTS,700.0,POINTS,52,32,20,61.54,139.93,1.15,-504.87
31,False,BOTH,M5,M3,10:30,11:30,11:30,19:00,21:30,0.05,200.0,POINTS,600.0,POINTS,300.0,POINTS,700.0,POINTS,52,32,20,61.54,139.93,1.15,-504.87
32,False,BOTH,M5,M3,10:30,11:30,11:30,19:00,21:30,0.05,200.0,POINTS,600.0,POINTS,400.0,POINTS,700.0,POINTS,52,32,20,61.54,139.93,1.15,-504.87
33,False,BOTH,M5,M3,10:30,11:30,11:30,19:00,21:30,0.05,200.0,POINTS,600.0,POINTS,200.0,POINTS,700.0,POINTS,52,32,20,61.54,139.93,1.15,-504.87
34,False,BOTH,M5,M3,10:30,11:30,11:30,19:00,21:30,0.05,200.0,POINTS,500.0,POINTS,300.0,POINTS,700.0,POINTS,52,32,20,61.54,139.93,1.15,-504.87
35,False,BOTH,M5,M3,10:30,11:30,11:30,19:00,21:30,0.05,200.0,POINTS,500.0,POINTS,400.0,POINTS,700.0,POINTS,52,32,20,61.54,139.93,1.15,-504.87
36,False,BOTH,M5,M3,10:30,11:30,11:30,19:00,21:30,0.05,200.0,POINTS,500.0,POINTS,200.0,POINTS,700.0,POINTS,52,32,20,61.54,139.93,1.15,-504.87
37,False,BOTH,M5,M4,10:30,11:30,11:30,19:00,21:30,0.05,200.0,POINTS,400.0,POINTS,300.0,POINTS,700.0,POINTS,52,32,20,61.54,139.93,1.15,-504.87
38,False,BOTH,M5,M4,10:30,11:30,11:30,19:00,21:30,0.05,200.0,POINTS,400.0,POINTS,400.0,POINTS,700.0,POINTS,52,32,20,61.54,139.93,1.15,-504.87
39,False,BOTH,M5,M4,10:30,11:30,11:30,19:00,21:30,0.05,200.0,POINTS,400.0,POINTS,200.0,POINTS,700.0,POINTS,52,32,20,61.54,139.93,1.15,-504.87
40,False,BOTH,M5,M4,10:30,11:30,11:30,19:00,21:30,0.05,200.0,POINTS,700.0,POINTS,300.0,POINTS,700.0,POINTS,52,32,20,61.54,139.93,1.15,-504.87
41,False,BOTH,M5,M4,10:30,11:30,11:30,19:00,21:30,0.05,200.0,POINTS,700.0,POINTS,400.0,POINTS,700.0,POINTS,52,32,20,61.54,139.93,1.15,-504.87
42,False,BOTH,M5,M4,10:30,11:30,11:30,19:00,21:30,0.05,200.0,POINTS,700.0,POINTS,200.0,POINTS,700.0,POINTS,52,32,20,61.54,139.93,1.15,-504.87
43,False,BOTH,M5,M4,10:30,11:30,11:30,19:00,21:30,0.05,200.0,POINTS,600.0,POINTS,300.0,POINTS,700.0,POINTS,52,32,20,61.54,139.93,1.15,-504.87
44,False,BOTH,M5,M4,10:30,11:30,11:30,19:00,21:30,0.05,200.0,POINTS,600.0,POINTS,400.0,POINTS,700.0,POINTS,52,32,20,61.54,139.93,1.15,-504.87
45,False,BOTH,M5,M4,10:30,11:30,11:30,19:00,21:30,0.05,200.0,POINTS,600.0,POINTS,200.0,POINTS,700.0,POINTS,52,32,20,61.54,139.93,1.15,-504.87
46,False,BOTH,M5,M4,10:30,11:30,11:30,19:00,21:30,0.05,200.0,POINTS,500.0,POINTS,300.0,POINTS,700.0,POINTS,52,32,20,61.54,139.93,1.15,-504.87
47,False,BOTH,M5,M4,10:30,11:30,11:30,19:00,21:30,0.05,200.0,POINTS,500.0,POINTS,400.0,POINTS,700.0,POINTS,52,32,20,61.54,139.93,1.15,-504.87
48,False,BOTH,M5,M4,10:30,11:30,11:30,19:00,21:30,0.05,200.0,POINTS,500.0,POINTS,200.0,POINTS,700.0,POINTS,52,32,20,61.54,139.93,1.15,-504.87
49,False,BOTH,M5,M5,10:30,11:30,11:30,19:00,21:30,0.05,200.0,POINTS,400.0,POINTS,300.0,POINTS,700.0,POINTS,52,32,20,61.54,139.93,1.15,-504.87
50,False,BOTH,M5,M5,10:30,11:30,11:30,19:00,21:30,0.05,200.0,POINTS,400.0,POINTS,400.0,POINTS,700.0,POINTS,52,32,20,61.54,139.93,1.15,-504.87
51,False,BOTH,M5,M5,10:30,11:30,11:30,19:00,21:30,0.05,200.0,POINTS,400.0,POINTS,200.0,POINTS,700.0,POINTS,52,32,20,61.54,139.93,1.15,-504.87
52,False,BOTH,M5,M5,10:30,11:30,11:30,19:00,21:30,0.05,200.0,POINTS,700.0,POINTS,300.0,POINTS,700.0,POINTS,52,32,20,61.54,139.93,1.15,-504.87
53,False,BOTH,M5,M5,10:30,11:30,11:30,19:00,21:30,0.05,200.0,POINTS,700.0,POINTS,400.0,POINTS,700.0,POINTS,52,32,20,61.54,139.93,1.15,-504.87
54,False,BOTH,M5,M5,10:30,11:30,11:30,19:00,21:30,0.05,200.0,POINTS,700.0,POINTS,200.0,POINTS,700.0,POINTS,52,32,20,61.54,139.93,1.15,-504.87
55,False,BOTH,M5,M5,10:30,11:30,11:30,19:00,21:30,0.05,200.0,POINTS,600.0,POINTS,300.0,POINTS,700.0,POINTS,52,32,20,61.54,139.93,1.15,-504.87
56,False,BOTH,M5,M5,10:30,11:30,11:30,19:00,21:30,0.05,200.0,POINTS,600.0,POINTS,400.0,POINTS,700.0,POINTS,52,32,20,61.54,139.93,1.15,-504.87
57,False,BOTH,M5,M5,10:30,11:30,11:30,19:00,21:30,0.05,200.0,POINTS,600.0,POINTS,200.0,POINTS,700.0,POINTS,52,32,20,61.54,139.93,1.15,-504.87
58,False,BOTH,M5,M5,10:30,11:30,11:30,19:00,21:30,0.05,200.0,POINTS,500.0,POINTS,300.0,POINTS,700.0,POINTS,52,32,20,61.54,139.93,1.15,-504.87
59,False,BOTH,M5,M5,10:30,11:30,11:30,19:00,21:30,0.05,200.0,POINTS,500.0,POINTS,400.0,POINTS,700.0,POINTS,52,32,20,61.54,139.93,1.15,-504.87
60,False,BOTH,M5,M5,10:30,11:30,11:30,19:00,21:30,0.05,200.0,POINTS,500.0,POINTS,200.0,POINTS,700.0,POINTS,52,32,20,61.54,139.93,1.15,-504.87
61,False,BOTH,M5,M10,10:30,11:30,11:30,19:00,21:30,0.05,200.0,POINTS,400.0,POINTS,300.0,POINTS,700.0,POINTS,52,32,20,61.54,139.93,1.15,-504.87
62,False,BOTH,M5,M10,10:30,11:30,11:30,19:00,21:30,0.05,200.0,POINTS,400.0,POINTS,400.0,POINTS,700.0,POINTS,52,32,20,61.54,139.93,1.15,-504.87
63,False,BOTH,M5,M10,10:30,11:30,11:30,19:00,21:30,0.05,200.0,POINTS,400.0,POINTS,200.0,POINTS,700.0,POINTS,52,32,20,61.54,139.93,1.15,-504.87
64,False,BOTH,M5,M10,10:30,11:30,11:30,19:00,21:30,0.05,200.0,POINTS,700.0,POINTS,300.0,POINTS,700.0,POINTS,52,32,20,61.54,139.93,1.15,-504.87
65,False,BOTH,M5,M10,10:30,11:30,11:30,19:00,21:30,0.05,200.0,POINTS,700.0,POINTS,400.0,POINTS,700.0,POINTS,52,32,20,61.54,139.93,1.15,-504.87
66,False,BOTH,M5,M10,10:30,11:30,11:30,19:00,21:30,0.05,200.0,POINTS,700.0,POINTS,200.0,POINTS,700.0,POINTS,52,32,20,61.54,139.93,1.15,-504.87
67,False,BOTH,M5,M10,10:30,11:30,11:30,19:00,21:30,0.05,200.0,POINTS,600.0,POINTS,300.0,POINTS,700.0,POINTS,52,32,20,61.54,139.93,1.15,-504.87
68,False,BOTH,M5,M10,10:30,11:30,11:30,19:00,21:30,0.05,200.0,POINTS,600.0,POINTS,400.0,POINTS,700.0,POINTS,52,32,20,61.54,139.93,1.15,-504.87
69,False,BOTH,M5,M10,10:30,11:30,11:30,19:00,21:30,0.05,200.0,POINTS,600.0,POINTS,200.0,POINTS,700.0,POINTS,52,32,20,61.54,139.93,1.15,-504.87
70,False,BOTH,M5,M10,10:30,11:30,11:30,19:00,21:30,0.05,200.0,POINTS,500.0,POINTS,300.0,POINTS,700.0,POINTS,52,32,20,61.54,139.93,1.15,-504.87
71,False,BOTH,M5,M10,10:30,11:30,11:30,19:00,21:30,0.05,200.0,POINTS,500.0,POINTS,400.0,POINTS,700.0,POINTS,52,32,20,61.54,139.93,1.15,-504.87
72,False,BOTH,M5,M10,10:30,11:30,11:30,19:00,21:30,0.05,200.0,POINTS,500.0,POINTS,200.0,POINTS,700.0,POINTS,52,32,20,61.54,139.93,1.15,-504.87
73,False,BOTH,M5,M15,10:30,11:30,11:30,19:00,21:30,0.05,200.0,POINTS,400.0,POINTS,300.0,POINTS,700.0,POINTS,52,32,20,61.54,139.93,1.15,-504.87
74,False,BOTH,M5,M15,10:30,11:30,11:30,19:00,21:30,0.05,200.0,POINTS,400.0,POINTS,400.0,POINTS,700.0,POINTS,52,32,20,61.54,139.93,1.15,-504.87
75,False,BOTH,M5,M15,10:30,11:30,11:30,19:00,21:30,0.05,200.0,POINTS,400.0,POINTS,200.0,POINTS,700.0,POINTS,52,32,20,61.54,139.93,1.15,-504.87
76,False,BOTH,M5,M15,10:30,11:30,11:30,19:00,21:30,0.05,200.0,POINTS,700.0,POINTS,300.0,POINTS,700.0,POINTS,52,32,20,61.54,139.93,1.15,-504.87
77,False,BOTH,M5,M15,10:30,11:30,11:30,19:00,21:30,0.05,200.0,POINTS,700.0,POINTS,400.0,POINTS,700.0,POINTS,52,32,20,61.54,139.93,1.15,-504.87
78,False,BOTH,M5,M15,10:30,11:30,11:30,19:00,21:30,0.05,200.0,POINTS,700.0,POINTS,200.0,POINTS,700.0,POINTS,52,32,20,61.54,139.93,1.15,-504.87
79,False,BOTH,M5,M15,10:30,11:30,11:30,19:00,21:30,0.05,200.0,POINTS,600.0,POINTS,300.0,POINTS,700.0,POINTS,52,32,20,61.54,139.93,1.15,-504.87
80,False,BOTH,M5,M15,10:30,11:30,11:30,19:00,21:30,0.05,200.0,POINTS,600.0,POINTS,400.0,POINTS,700.0,POINTS,52,32,20,61.54,139.93,1.15,-504.87
81,False,BOTH,M5,M15,10:30,11:30,11:30,19:00,21:30,0.05,200.0,POINTS,600.0,POINTS,200.0,POINTS,700.0,POINTS,52,32,20,61.54,139.93,1.15,-504.87
82,False,BOTH,M5,M15,10:30,11:30,11:30,19:00,21:30,0.05,200.0,POINTS,500.0,POINTS,300.0,POINTS,700.0,POINTS,52,32,20,61.54,139.93,1.15,-504.87
83,False,BOTH,M5,M15,10:30,11:30,11:30,19:00,21:30,0.05,200.0,POINTS,500.0,POINTS,400.0,POINTS,700.0,POINTS,52,32,20,61.54,139.93,1.15,-504.87
84,False,BOTH,M5,M15,10:30,11:30,11:30,19:00,21:30,0.05,200.0,POINTS,500.0,POINTS,200.0,POINTS,700.0,POINTS,52,32,20,61.54,139.93,1.15,-504.87
85,False,BOTH,M5,M30,10:30,11:30,11:30,19:00,21:30,0.05,200.0,POINTS,400.0,POINTS,300.0,POINTS,700.0,POINTS,52,32,20,61.54,139.93,1.15,-504.87
86,False,BOTH,M5,M30,10:30,11:30,11:30,19:00,21:30,0.05,200.0,POINTS,400.0,POINTS,400.0,POINTS,700.0,POINTS,52,32,20,61.54,139.93,1.15,-504.87
87,False,BOTH,M5,M30,10:30,11:30,11:30,19:00,21:30,0.05,200.0,POINTS,400.0,POINTS,200.0,POINTS,700.0,POINTS,52,32,20,61.54,139.93,1.15,-504.87
88,False,BOTH,M5,M30,10:30,11:30,11:30,19:00,21:30,0.05,200.0,POINTS,700.0,POINTS,300.0,POINTS,700.0,POINTS,52,32,20,61.54,139.93,1.15,-504.87
89,False,BOTH,M5,M30,10:30,11:30,11:30,19:00,21:30,0.05,200.0,POINTS,700.0,POINTS,400.0,POINTS,700.0,POINTS,52,32,20,61.54,139.93,1.15,-504.87
90,False,BOTH,M5,M30,10:30,11:30,11:30,19:00,21:30,0.05,200.0,POINTS,700.0,POINTS,200.0,POINTS,700.0,POINTS,52,32,20,61.54,139.93,1.15,-504.87
91,False,BOTH,M5,M30,10:30,11:30,11:30,19:00,21:30,0.05,200.0,POINTS,600.0,POINTS,300.0,POINTS,700.0,POINTS,52,32,20,61.54,139.93,1.15,-504.87
92,False,BOTH,M5,M30,10:30,11:30,11:30,19:00,21:30,0.05,200.0,POINTS,600.0,POINTS,400.0,POINTS,700.0,POINTS,52,32,20,61.54,139.93,1.15,-504.87
93,False,BOTH,M5,M30,10:30,11:30,11:30,19:00,21:30,0.05,200.0,POINTS,600.0,POINTS,200.0,POINTS,700.0,POINTS,52,32,20,61.54,139.93,1.15,-504.87
94,False,BOTH,M5,M30,10:30,11:30,11:30,19:00,21:30,0.05,200.0,POINTS,500.0,POINTS,300.0,POINTS,700.0,POINTS,52,32,20,61.54,139.93,1.15,-504.87
95,False,BOTH,M5,M30,10:30,11:30,11:30,19:00,21:30,0.05,200.0,POINTS,500.0,POINTS,400.0,POINTS,700.0,POINTS,52,32,20,61.54,139.93,1.15,-504.87
96,False,BOTH,M5,M30,10:30,11:30,11:30,19:00,21:30,0.05,200.0,POINTS,500.0,POINTS,200.0,POINTS,700.0,POINTS,52,32,20,61.54,139.93,1.15,-504.87
97,False,BOTH,M5,H1,10:30,11:30,11:30,19:00,21:30,0.05,200.0,POINTS,400.0,POINTS,300.0,POINTS,700.0,POINTS,52,32,20,61.54,139.93,1.15,-504.87
98,False,BOTH,M5,H1,10:30,11:30,11:30,19:00,21:30,0.05,200.0,POINTS,400.0,POINTS,400.0,POINTS,700.0,POINTS,52,32,20,61.54,139.93,1.15,-504.87
99,False,BOTH,M5,H1,10:30,11:30,11:30,19:00,21:30,0.05,200.0,POINTS,400.0,POINTS,200.0,POINTS,700.0,POINTS,52,32,20,61.54,139.93,1.15,-504.87
100,False,BOTH,M5,H1,10:30,11:30,11:30,19:00,21:30,0.05,200.0,POINTS,700.0,POINTS,300.0,POINTS,700.0,POINTS,52,32,20,61.54,139.93,1.15,-504.87
101,False,BOTH,M5,H1,10:30,11:30,11:30,19:00,21:30,0.05,200.0,POINTS,700.0,POINTS,400.0,POINTS,700.0,POINTS,52,32,20,61.54,139.93,1.15,-504.87
102,False,BOTH,M5,H1,10:30,11:30,11:30,19:00,21:30,0.05,200.0,POINTS,700.0,POINTS,200.0,POINTS,700.0,POINTS,52,32,20,61.54,139.93,1.15,-504.87
103,False,BOTH,M5,H1,10:30,11:30,11:30,19:00,21:30,0.05,200.0,POINTS,600.0,POINTS,300.0,POINTS,700.0,POINTS,52,32,20,61.54,139.93,1.15,-504.87
104,False,BOTH,M5,H1,10:30,11:30,11:30,19:00,21:30,0.05,200.0,POINTS,600.0,POINTS,400.0,POINTS,700.0,POINTS,52,32,20,61.54,139.93,1.15,-504.87
105,False,BOTH,M5,H1,10:30,11:30,11:30,19:00,21:30,0.05,200.0,POINTS,600.0,POINTS,200.0,POINTS,700.0,POINTS,52,32,20,61.54,139.93,1.15,-504.87
106,False,BOTH,M5,H1,10:30,11:30,11:30,19:00,21:30,0.05,200.0,POINTS,500.0,POINTS,300.0,POINTS,700.0,POINTS,52,32,20,61.54,139.93,1.15,-504.87
107,False,BOTH,M5,H1,10:30,11:30,11:30,19:00,21:30,0.05,200.0,POINTS,500.0,POINTS,400.0,POINTS,700.0,POINTS,52,32,20,61.54,139.93,1.15,-504.87
108,False,BOTH,M5,H1,10:30,11:30,11:30,19:00,21:30,0.05,200.0,POINTS,500.0,POINTS,200.0,POINTS,700.0,POINTS,52,32,20,61.54,139.93,1.15,-504.87
109,False,BOTH,M5,H4,10:30,11:30,11:30,19:00,21:30,0.05,200.0,POINTS,400.0,POINTS,300.0,POINTS,700.0,POINTS,52,32,20,61.54,139.93,1.15,-504.87
110,False,BOTH,M5,H4,10:30,11:30,11:30,19:00,21:30,0.05,200.0,POINTS,400.0,POINTS,400.0,POINTS,700.0,POINTS,52,32,20,61.54,139.93,1.15,-504.87
111,False,BOTH,M5,H4,10:30,11:30,11:30,19:00,21:30,0.05,200.0,POINTS,400.0,POINTS,200.0,POINTS,700.0,POINTS,52,32,20,61.54,139.93,1.15,-504.87
112,False,BOTH,M5,H4,10:30,11:30,11:30,19:00,21:30,0.05,200.0,POINTS,700.0,POINTS,300.0,POINTS,700.0,POINTS,52,32,20,61.54,139.93,1.15,-504.87
113,False,BOTH,M5,H4,10:30,11:30,11:30,19:00,21:30,0.05,200.0,POINTS,700.0,POINTS,400.0,POINTS,700.0,POINTS,52,32,20,61.54,139.93,1.15,-504.87
114,False,BOTH,M5,H4,10:30,11:30,11:30,19:00,21:30,0.05,200.0,POINTS,700.0,POINTS,200.0,POINTS,700.0,POINTS,52,32,20,61.54,139.93,1.15,-504.87
115,False,BOTH,M5,H4,10:30,11:30,11:30,19:00,21:30,0.05,200.0,POINTS,600.0,POINTS,300.0,POINTS,700.0,POINTS,52,32,20,61.54,139.93,1.15,-504.87
116,False,BOTH,M5,H4,10:30,11:30,11:30,19:00,21:30,0.05,200.0,POINTS,600.0,POINTS,400.0,POINTS,700.0,POINTS,52,32,20,61.54,139.93,1.15,-504.87
117,False,BOTH,M5,H4,10:30,11:30,11:30,19:00,21:30,0.05,200.0,POINTS,600.0,POINTS,200.0,POINTS,700.0,POINTS,52,32,20,61.54,139.93,1.15,-504.87
118,False,BOTH,M5,H4,10:30,11:30,11:30,19:00,21:30,0.05,200.0,POINTS,500.0,POINTS,300.0,POINTS,700.0,POINTS,52,32,20,61.54,139.93,1.15,-504.87
119,False,BOTH,M5,H4,10:30,11:30,11:30,19:00,21:30,0.05,200.0,POINTS,500.0,POINTS,400.0,POINTS,700.0,POINTS,52,32,20,61.54,139.93,1.15,-504.87
120,False,BOTH,M5,H4,10:30,11:30,11:30,19:00,21:30,0.05,200.0,POINTS,500.0,POINTS,200.0,POINTS,700.0,POINTS,52,32,20,61.54,139.93,1.15,-504.87
121,False,BOTH,M10,M1,10:30,11:30,11:30,19:00,21:30,0.05,200.0,POINTS,400.0,POINTS,300.0,POINTS,700.0,POINTS,52,32,20,61.54,139.93,1.15,-504.87
122,False,BOTH,M10,M1,10:30,11:30,11:30,19:00,21:30,0.05,200.0,POINTS,400.0,POINTS,400.0,POINTS,700.0,POINTS,52,32,20,61.54,139.93,1.15,-504.87
123,False,BOTH,M10,M1,10:30,11:30,11:30,19:00,21:30,0.05,200.0,POINTS,400.0,POINTS,200.0,POINTS,700.0,POINTS,52,32,20,61.54,139.93,1.15,-504.87
124,False,BOTH,M10,M1,10:30,11:30,11:30,19:00,21:30,0.05,200.0,POINTS,700.0,POINTS,300.0,POINTS,700.0,POINTS,52,32,20,61.54,139.93,1.15,-504.87
125,False,BOTH,M10,M1,10:30,11:30,11:30,19:00,21:30,0.05,200.0,POINTS,700.0,POINTS,400.0,POINTS,700.0,POINTS,52,32,20,61.54,139.93,1.15,-504.87
126,False,BOTH,M10,M1,10:30,11:30,11:30,19:00,21:30,0.05,200.0,POINTS,700.0,POINTS,200.0,POINTS,700.0,POINTS,52,32,20,61.54,139.93,1.15,-504.87
127,False,BOTH,M10,M1,10:30,11:30,11:30,19:00,21:30,0.05,200.0,POINTS,600.0,POINTS,300.0,POINTS,700.0,POINTS,52,32,20,61.54,139.93,1.15,-504.87
128,False,BOTH,M10,M1,10:30,11:30,11:30,19:00,21:30,0.05,200.0,POINTS,600.0,POINTS,400.0,POINTS,700.0,POINTS,52,32,20,61.54,139.93,1.15,-504.87
129,False,BOTH,M10,M1,10:30,11:30,11:30,19:00,21:30,0.05,200.0,POINTS,600.0,POINTS,200.0,POINTS,700.0,POINTS,52,32,20,61.54,139.93,1.15,-504.87
130,False,BOTH,M10,M1,10:30,11:30,11:30,19:00,21:30,0.05,200.0,POINTS,500.0,POINTS,300.0,POINTS,700.0,POINTS,52,32,20,61.54,139.93,1.15,-504.87
131,False,BOTH,M10,M1,10:30,11:30,11:30,19:00,21:30,0.05,200.0,POINTS,500.0,POINTS,400.0,POINTS,700.0,POINTS,52,32,20,61.54,139.93,1.15,-504.87
132,False,BOTH,M10,M1,10:30,11:30,11:30,19:00,21:30,0.05,200.0,POINTS,500.0,POINTS,200.0,POINTS,700.0,POINTS,52,32,20,61.54,139.93,1.15,-504.87
133,False,BOTH,M10,M2,10:30,11:30,11:30,19:00,21:30,0.05,200.0,POINTS,400.0,POINTS,300.0,POINTS,700.0,POINTS,52,32,20,61.54,139.93,1.15,-504.87
134,False,BOTH,M10,M2,10:30,11:30,11:30,19:00,21:30,0.05,200.0,POINTS,400.0,POINTS,400.0,POINTS,700.0,POINTS,52,32,20,61.54,139.93,1.15,-504.87
135,False,BOTH,M10,M2,10:30,11:30,11:30,19:00,21:30,0.05,200.0,POINTS,400.0,POINTS,200.0,POINTS,700.0,POINTS,52,32,20,61.54,139.93,1.15,-504.87
136,False,BOTH,M10,M2,10:30,11:30,11:30,19:00,21:30,0.05,200.0,POINTS,700.0,POINTS,300.0,POINTS,700.0,POINTS,52,32,20,61.54,139.93,1.15,-504.87
137,False,BOTH,M10,M2,10:30,11:30,11:30,19:00,21:30,0.05,200.0,POINTS,700.0,POINTS,400.0,POINTS,700.0,POINTS,52,32,20,61.54,139.93,1.15,-504.87
138,False,BOTH,M10,M2,10:30,11:30,11:30,19:00,21:30,0.05,200.0,POINTS,700.0,POINTS,200.0,POINTS,700.0,POINTS,52,32,20,61.54,139.93,1.15,-504.87
139,False,BOTH,M10,M2,10:30,11:30,11:30,19:00,21:30,0.05,200.0,POINTS,600.0,POINTS,300.0,POINTS,700.0,POINTS,52,32,20,61.54,139.93,1.15,-504.87
140,False,BOTH,M10,M2,10:30,11:30,11:30,19:00,21:30,0.05,200.0,POINTS,600.0,POINTS,400.0,POINTS,700.0,POINTS,52,32,20,61.54,139.93,1.15,-504.87
141,False,BOTH,M10,M2,10:30,11:30,11:30,19:00,21:30,0.05,200.0,POINTS,600.0,POINTS,200.0,POINTS,700.0,POINTS,52,32,20,61.54,139.93,1.15,-504.87
142,False,BOTH,M10,M2,10:30,11:30,11:30,19:00,21:30,0.05,200.0,POINTS,500.0,POINTS,300.0,POINTS,700.0,POINTS,52,32,20,61.54,139.93,1.15,-504.87
143,False,BOTH,M10,M2,10:30,11:30,11:30,19:00,21:30,0.05,200.0,POINTS,500.0,POINTS,400.0,POINTS,700.0,POINTS,52,32,20,61.54,139.93,1.15,-504.87
144,False,BOTH,M10,M2,10:30,11:30,11:30,19:00,21:30,0.05,200.0,POINTS,500.0,POINTS,200.0,POINTS,700.0,POINTS,52,32,20,61.54,139.93,1.15,-504.87
145,False,BOTH,M10,M3,10:30,11:30,11:30,19:00,21:30,0.05,200.0,POINTS,400.0,POINTS,300.0,POINTS,700.0,POINTS,52,32,20,61.54,139.93,1.15,-504.87
146,False,BOTH,M10,M3,10:30,11:30,11:30,19:00,21:30,0.05,200.0,POINTS,400.0,POINTS,400.0,POINTS,700.0,POINTS,52,32,20,61.54,139.93,1.15,-504.87
147,False,BOTH,M10,M3,10:30,11:30,11:30,19:00,21:30,0.05,200.0,POINTS,400.0,POINTS,200.0,POINTS,700.0,POINTS,52,32,20,61.54,139.93,1.15,-504.87
148,False,BOTH,M10,M3,10:30,11:30,11:30,19:00,21:30,0.05,200.0,POINTS,700.0,POINTS,300.0,POINTS,700.0,POINTS,52,32,20,61.54,139.93,1.15,-504.87
149,False,BOTH,M10,M3,10:30,11:30,11:30,19:00,21:30,0.05,200.0,POINTS,700.0,POINTS,400.0,POINTS,700.0,POINTS,52,32,20,61.54,139.93,1.15,-504.87
150,False,BOTH,M10,M3,10:30,11:30,11:30,19:00,21:30,0.05,200.0,POINTS,700.0,POINTS,200.0,POINTS,700.0,POINTS,52,32,20,61.54,139.93,1.15,-504.87
151,False,BOTH,M10,M3,10:30,11:30,11:30,19:00,21:30,0.05,200.0,POINTS,600.0,POINTS,300.0,POINTS,700.0,POINTS,52,32,20,61.54,139.93,1.15,-504.87
152,False,BOTH,M10,M3,10:30,11:30,11:30,19:00,21:30,0.05,200.0,POINTS,600.0,POINTS,400.0,POINTS,700.0,POINTS,52,32,20,61.54,139.93,1.15,-504.87
153,False,BOTH,M10,M3,10:30,11:30,11:30,19:00,21:30,0.05,200.0,POINTS,600.0,POINTS,200.0,POINTS,700.0,POINTS,52,32,20,61.54,139.93,1.15,-504.87
154,False,BOTH,M10,M3,10:30,11:30,11:30,19:00,21:30,0.05,200.0,POINTS,500.0,POINTS,300.0,POINTS,700.0,POINTS,52,32,20,61.54,139.93,1.15,-504.87
155,False,BOTH,M10,M3,10:30,11:30,11:30,19:00,21:30,0.05,200.0,POINTS,500.0,POINTS,400.0,POINTS,700.0,POINTS,52,32,20,61.54,139.93,1.15,-504.87
156,False,BOTH,M10,M3,10:30,11:30,11:30,19:00,21:30,0.05,200.0,POINTS,500.0,POINTS,200.0,POINTS,700.0,POINTS,52,32,20,61.54,139.93,1.15,-504.87
157,False,BOTH,M10,M4,10:30,11:30,11:30,19:00,21:30,0.05,200.0,POINTS,400.0,POINTS,300.0,POINTS,700.0,POINTS,52,32,20,61.54,139.93,1.15,-504.87
158,False,BOTH,M10,M4,10:30,11:30,11:30,19:00,21:30,0.05,200.0,POINTS,400.0,POINTS,400.0,POINTS,700.0,POINTS,52,32,20,61.54,139.93,1.15,-504.87
159,False,BOTH,M10,M4,10:30,11:30,11:30,19:00,21:30,0.05,200.0,POINTS,400.0,POINTS,200.0,POINTS,700.0,POINTS,52,32,20,61.54,139.93,1.15,-504.87
160,False,BOTH,M10,M4,10:30,11:30,11:30,19:00,21:30,0.05,200.0,POINTS,700.0,POINTS,300.0,POINTS,700.0,POINTS,52,32,20,61.54,139.93,1.15,-504.87
161,False,BOTH,M10,M4,10:30,11:30,11:30,19:00,21:30,0.05,200.0,POINTS,700.0,POINTS,400.0,POINTS,700.0,POINTS,52,32,20,61.54,139.93,1.15,-504.87
162,False,BOTH,M10,M4,10:30,11:30,11:30,19:00,21:30,0.05,200.0,POINTS,700.0,POINTS,200.0,POINTS,700.0,POINTS,52,32,20,61.54,139.93,1.15,-504.87
163,False,BOTH,M10,M4,10:30,11:30,11:30,19:00,21:30,0.05,200.0,POINTS,600.0,POINTS,300.0,POINTS,700.0,POINTS,52,32,20,61.54,139.93,1.15,-504.87
164,False,BOTH,M10,M4,10:30,11:30,11:30,19:00,21:30,0.05,200.0,POINTS,600.0,POINTS,400.0,POINTS,700.0,POINTS,52,32,20,61.54,139.93,1.15,-504.87
165,False,BOTH,M10,M4,10:30,11:30,11:30,19:00,21:30,0.05,200.0,POINTS,600.0,POINTS,200.0,POINTS,700.0,POINTS,52,32,20,61.54,139.93,1.15,-504.87
166,False,BOTH,M10,M4,10:30,11:30,11:30,19:00,21:30,0.05,200.0,POINTS,500.0,POINTS,300.0,POINTS,700.0,POINTS,52,32,20,61.54,139.93,1.15,-504.87
167,False,BOTH,M10,M4,10:30,11:30,11:30,19:00,21:30,0.05,200.0,POINTS,500.0,POINTS,400.0,POINTS,700.0,POINTS,52,32,20,61.54,139.93,1.15,-504.87
168,False,BOTH,M10,M4,10:30,11:30,11:30,19:00,21:30,0.05,200.0,POINTS,500.0,POINTS,200.0,POINTS,700.0,POINTS,52,32,20,61.54,139.93,1.15,-504.87
169,False,BOTH,M10,M5,10:30,11:30,11:30,19:00,21:30,0.05,200.0,POINTS,400.0,POINTS,300.0,POINTS,700.0,POINTS,52,32,20,61.54,139.93,1.15,-504.87
170,False,BOTH,M10,M5,10:30,11:30,11:30,19:00,21:30,0.05,200.0,POINTS,400.0,POINTS,400.0,POINTS,700.0,POINTS,52,32,20,61.54,139.93,1.15,-504.87
171,False,BOTH,M10,M5,10:30,11:30,11:30,19:00,21:30,0.05,200.0,POINTS,400.0,POINTS,200.0,POINTS,700.0,POINTS,52,32,20,61.54,139.93,1.15,-504.87
172,False,BOTH,M10,M5,10:30,11:30,11:30,19:00,21:30,0.05,200.0,POINTS,700.0,POINTS,300.0,POINTS,700.0,POINTS,52,32,20,61.54,139.93,1.15,-504.87
173,False,BOTH,M10,M5,10:30,11:30,11:30,19:00,21:30,0.05,200.0,POINTS,700.0,POINTS,400.0,POINTS,700.0,POINTS,52,32,20,61.54,139.93,1.15,-504.87
174,False,BOTH,M10,M5,10:30,11:30,11:30,19:00,21:30,0.05,200.0,POINTS,700.0,POINTS,200.0,POINTS,700.0,POINTS,52,32,20,61.54,139.93,1.15,-504.87
175,False,BOTH,M10,M5,10:30,11:30,11:30,19:00,21:30,0.05,200.0,POINTS,600.0,POINTS,300.0,POINTS,700.0,POINTS,52,32,20,61.54,139.93,1.15,-504.87
176,False,BOTH,M10,M5,10:30,11:30,11:30,19:00,21:30,0.05,200.0,POINTS,600.0,POINTS,400.0,POINTS,700.0,POINTS,52,32,20,61.54,139.93,1.15,-504.87
177,False,BOTH,M10,M5,10:30,11:30,11:30,19:00,21:30,0.05,200.0,POINTS,600.0,POINTS,200.0,POINTS,700.0,POINTS,52,32,20,61.54,139.93,1.15,-504.87
178,False,BOTH,M10,M5,10:30,11:30,11:30,19:00,21:30,0.05,200.0,POINTS,500.0,POINTS,300.0,POINTS,700.0,POINTS,52,32,20,61.54,139.93,1.15,-504.87
179,False,BOTH,M10,M5,10:30,11:30,11:30,19:00,21:30,0.05,200.0,POINTS,500.0,POINTS,400.0,POINTS,700.0,POINTS,52,32,20,61.54,139.93,1.15,-504.87
180,False,BOTH,M10,M5,10:30,11:30,11:30,19:00,21:30,0.05,200.0,POINTS,500.0,POINTS,200.0,POINTS,700.0,POINTS,52,32,20,61.54,139.93,1.15,-504.87
181,False,BOTH,M10,M10,10:30,11:30,11:30,19:00,21:30,0.05,200.0,POINTS,400.0,POINTS,300.0,POINTS,700.0,POINTS,52,32,20,61.54,139.93,1.15,-504.87
182,False,BOTH,M10,M10,10:30,11:30,11:30,19:00,21:30,0.05,200.0,POINTS,400.0,POINTS,400.0,POINTS,700.0,POINTS,52,32,20,61.54,139.93,1.15,-504.87
183,False,BOTH,M10,M10,10:30,11:30,11:30,19:00,21:30,0.05,200.0,POINTS,400.0,POINTS,200.0,POINTS,700.0,POINTS,52,32,20,61.54,139.93,1.15,-504.87
184,False,BOTH,M10,M10,10:30,11:30,11:30,19:00,21:30,0.05,200.0,POINTS,700.0,POINTS,300.0,POINTS,700.0,POINTS,52,32,20,61.54,139.93,1.15,-504.87
185,False,BOTH,M10,M10,10:30,11:30,11:30,19:00,21:30,0.05,200.0,POINTS,700.0,POINTS,400.0,POINTS,700.0,POINTS,52,32,20,61.54,139.93,1.15,-504.87
186,False,BOTH,M10,M10,10:30,11:30,11:30,19:00,21:30,0.05,200.0,POINTS,700.0,POINTS,200.0,POINTS,700.0,POINTS,52,32,20,61.54,139.93,1.15,-504.87
187,False,BOTH,M10,M10,10:30,11:30,11:30,19:00,21:30,0.05,200.0,POINTS,600.0,POINTS,300.0,POINTS,700.0,POINTS,52,32,20,61.54,139.93,1.15,-504.87
188,False,BOTH,M10,M10,10:30,11:30,11:30,19:00,21:30,0.05,200.0,POINTS,600.0,POINTS,400.0,POINTS,700.0,POINTS,52,32,20,61.54,139.93,1.15,-504.87
189,False,BOTH,M10,M10,10:30,11:30,11:30,19:00,21:30,0.05,200.0,POINTS,600.0,POINTS,200.0,POINTS,700.0,POINTS,52,32,20,61.54,139.93,1.15,-504.87
190,False,BOTH,M10,M10,10:30,11:30,11:30,19:00,21:30,0.05,200.0,POINTS,500.0,POINTS,300.0,POINTS,700.0,POINTS,52,32,20,61.54,139.93,1.15,-504.87
191,False,BOTH,M10,M10,10:30,11:30,11:30,19:00,21:30,0.05,200.0,POINTS,500.0,POINTS,400.0,POINTS,700.0,POINTS,52,32,20,61.54,139.93,1.15,-504.87
192,False,BOTH,M10,M10,10:30,11:30,11:30,19:00,21:30,0.05,200.0,POINTS,500.0,POINTS,200.0,POINTS,700.0,POINTS,52,32,20,61.54,139.93,1.15,-504.87
193,False,BOTH,M10,M15,10:30,11:30,11:30,19:00,21:30,0.05,200.0,POINTS,400.0,POINTS,300.0,POINTS,700.0,POINTS,52,32,20,61.54,139.93,1.15,-504.87
194,False,BOTH,M10,M15,10:30,11:30,11:30,19:00,21:30,0.05,200.0,POINTS,400.0,POINTS,400.0,POINTS,700.0,POINTS,52,32,20,61.54,139.93,1.15,-504.87
195,False,BOTH,M10,M15,10:30,11:30,11:30,19:00,21:30,0.05,200.0,POINTS,400.0,POINTS,200.0,POINTS,700.0,POINTS,52,32,20,61.54,139.93,1.15,-504.87
196,False,BOTH,M10,M15,10:30,11:30,11:30,19:00,21:30,0.05,200.0,POINTS,700.0,POINTS,300.0,POINTS,700.0,POINTS,52,32,20,61.54,139.93,1.15,-504.87
197,False,BOTH,M10,M15,10:30,11:30,11:30,19:00,21:30,0.05,200.0,POINTS,700.0,POINTS,400.0,POINTS,700.0,POINTS,52,32,20,61.54,139.93,1.15,-504.87
198,False,BOTH,M10,M15,10:30,11:30,11:30,19:00,21:30,0.05,200.0,POINTS,700.0,POINTS,200.0,POINTS,700.0,POINTS,52,32,20,61.54,139.93,1.15,-504.87
199,False,BOTH,M10,M15,10:30,11:30,11:30,19:00,21:30,0.05,200.0,POINTS,600.0,POINTS,300.0,POINTS,700.0,POINTS,52,32,20,61.54,139.93,1.15,-504.87
200,False,BOTH,M10,M15,10:30,11:30,11:30,19:00,21:30,0.05,200.0,POINTS,600.0,POINTS,400.0,POINTS,700.0,POINTS,52,32,20,61.54,139.93,1.15,-504.87
201,False,BOTH,M10,M15,10:30,11:30,11:30,19:00,21:30,0.05,200.0,POINTS,600.0,POINTS,200.0,POINTS,700.0,POINTS,52,32,20,61.54,139.93,1.15,-504.87
202,False,BOTH,M10,M15,10:30,11:30,11:30,19:00,21:30,0.05,200.0,POINTS,500.0,POINTS,300.0,POINTS,700.0,POINTS,52,32,20,61.54,139.93,1.15,-504.87
203,False,BOTH,M10,M15,10:30,11:30,11:30,19:00,21:30,0.05,200.0,POINTS,500.0,POINTS,400.0,POINTS,700.0,POINTS,52,32,20,61.54,139.93,1.15,-504.87
204,False,BOTH,M10,M15,10:30,11:30,11:30,19:00,21:30,0.05,200.0,POINTS,500.0,POINTS,200.0,POINTS,700.0,POINTS,52,32,20,61.54,139.93,1.15,-504.87
205,False,BOTH,M10,M30,10:30,11:30,11:30,19:00,21:30,0.05,200.0,POINTS,400.0,POINTS,300.0,POINTS,700.0,POINTS,52,32,20,61.54,139.93,1.15,-504.87
206,False,BOTH,M10,M30,10:30,11:30,11:30,19:00,21:30,0.05,200.0,POINTS,400.0,POINTS,400.0,POINTS,700.0,POINTS,52,32,20,61.54,139.93,1.15,-504.87
207,False,BOTH,M10,M30,10:30,11:30,11:30,19:00,21:30,0.05,200.0,POINTS,400.0,POINTS,200.0,POINTS,700.0,POINTS,52,32,20,61.54,139.93,1.15,-504.87
208,False,BOTH,M10,M30,10:30,11:30,11:30,19:00,21:30,0.05,200.0,POINTS,700.0,POINTS,300.0,POINTS,700.0,POINTS,52,32,20,61.54,139.93,1.15,-504.87
209,False,BOTH,M10,M30,10:30,11:30,11:30,19:00,21:30,0.05,200.0,POINTS,700.0,POINTS,400.0,POINTS,700.0,POINTS,52,32,20,61.54,139.93,1.15,-504.87
210,False,BOTH,M10,M30,10:30,11:30,11:30,19:00,21:30,0.05,200.0,POINTS,700.0,POINTS,200.0,POINTS,700.0,POINTS,52,32,20,61.54,139.93,1.15,-504.87
211,False,BOTH,M10,M30,10:30,11:30,11:30,19:00,21:30,0.05,200.0,POINTS,600.0,POINTS,300.0,POINTS,700.0,POINTS,52,32,20,61.54,139.93,1.15,-504.87
212,False,BOTH,M10,M30,10:30,11:30,11:30,19:00,21:30,0.05,200.0,POINTS,600.0,POINTS,400.0,POINTS,700.0,POINTS,52,32,20,61.54,139.93,1.15,-504.87
213,False,BOTH,M10,M30,10:30,11:30,11:30,19:00,21:30,0.05,200.0,POINTS,600.0,POINTS,200.0,POINTS,700.0,POINTS,52,32,20,61.54,139.93,1.15,-504.87
214,False,BOTH,M10,M30,10:30,11:30,11:30,19:00,21:30,0.05,200.0,POINTS,500.0,POINTS,300.0,POINTS,700.0,POINTS,52,32,20,61.54,139.93,1.15,-504.87
215,False,BOTH,M10,M30,10:30,11:30,11:30,19:00,21:30,0.05,200.0,POINTS,500.0,POINTS,400.0,POINTS,700.0,POINTS,52,32,20,61.54,139.93,1.15,-504.87
216,False,BOTH,M10,M30,10:30,11:30,11:30,19:00,21:30,0.05,200.0,POINTS,500.0,POINTS,200.0,POINTS,700.0,POINTS,52,32,20,61.54,139.93,1.15,-504.87
217,False,BOTH,M10,H1,10:30,11:30,11:30,19:00,21:30,0.05,200.0,POINTS,400.0,POINTS,300.0,POINTS,700.0,POINTS,52,32,20,61.54,139.93,1.15,-504.87
218,False,BOTH,M10,H1,10:30,11:30,11:30,19:00,21:30,0.05,200.0,POINTS,400.0,POINTS,400.0,POINTS,700.0,POINTS,52,32,20,61.54,139.93,1.15,-504.87
219,False,BOTH,M10,H1,10:30,11:30,11:30,19:00,21:30,0.05,200.0,POINTS,400.0,POINTS,200.0,POINTS,700.0,POINTS,52,32,20,61.54,139.93,1.15,-504.87
220,False,BOTH,M10,H1,10:30,11:30,11:30,19:00,21:30,0.05,200.0,POINTS,700.0,POINTS,300.0,POINTS,700.0,POINTS,52,32,20,61.54,139.93,1.15,-504.87
221,False,BOTH,M10,H1,10:30,11:30,11:30,19:00,21:30,0.05,200.0,POINTS,700.0,POINTS,400.0,POINTS,700.0,POINTS,52,32,20,61.54,139.93,1.15,-504.87
222,False,BOTH,M10,H1,10:30,11:30,11:30,19:00,21:30,0.05,200.0,POINTS,700.0,POINTS,200.0,POINTS,700.0,POINTS,52,32,20,61.54,139.93,1.15,-504.87
223,False,BOTH,M10,H1,10:30,11:30,11:30,19:00,21:30,0.05,200.0,POINTS,600.0,POINTS,300.0,POINTS,700.0,POINTS,52,32,20,61.54,139.93,1.15,-504.87
224,False,BOTH,M10,H1,10:30,11:30,11:30,19:00,21:30,0.05,200.0,POINTS,600.0,POINTS,400.0,POINTS,700.0,POINTS,52,32,20,61.54,139.93,1.15,-504.87
225,False,BOTH,M10,H1,10:30,11:30,11:30,19:00,21:30,0.05,200.0,POINTS,600.0,POINTS,200.0,POINTS,700.0,POINTS,52,32,20,61.54,139.93,1.15,-504.87
226,False,BOTH,M10,H1,10:30,11:30,11:30,19:00,21:30,0.05,200.0,POINTS,500.0,POINTS,300.0,POINTS,700.0,POINTS,52,32,20,61.54,139.93,1.15,-504.87
227,False,BOTH,M10,H1,10:30,11:30,11:30,19:00,21:30,0.05,200.0,POINTS,500.0,POINTS,400.0,POINTS,700.0,POINTS,52,32,20,61.54,139.93,1.15,-504.87
228,False,BOTH,M10,H1,10:30,11:30,11:30,19:00,21:30,0.05,200.0,POINTS,500.0,POINTS,200.0,POINTS,700.0,POINTS,52,32,20,61.54,139.93,1.15,-504.87
229,False,BOTH,M10,H4,10:30,11:30,11:30,19:00,21:30,0.05,200.0,POINTS,400.0,POINTS,300.0,POINTS,700.0,POINTS,52,32,20,61.54,139.93,1.15,-504.87
230,False,BOTH,M10,H4,10:30,11:30,11:30,19:00,21:30,0.05,200.0,POINTS,400.0,POINTS,400.0,POINTS,700.0,POINTS,52,32,20,61.54,139.93,1.15,-504.87
231,False,BOTH,M10,H4,10:30,11:30,11:30,19:00,21:30,0.05,200.0,POINTS,400.0,POINTS,200.0,POINTS,700.0,POINTS,52,32,20,61.54,139.93,1.15,-504.87
232,False,BOTH,M10,H4,10:30,11:30,11:30,19:00,21:30,0.05,200.0,POINTS,700.0,POINTS,300.0,POINTS,700.0,POINTS,52,32,20,61.54,139.93,1.15,-504.87
233,False,BOTH,M10,H4,10:30,11:30,11:30,19:00,21:30,0.05,200.0,POINTS,700.0,POINTS,400.0,POINTS,700.0,POINTS,52,32,20,61.54,139.93,1.15,-504.87
234,False,BOTH,M10,H4,10:30,11:30,11:30,19:00,21:30,0.05,200.0,POINTS,700.0,POINTS,200.0,POINTS,700.0,POINTS,52,32,20,61.54,139.93,1.15,-504.87
235,False,BOTH,M10,H4,10:30,11:30,11:30,19:00,21:30,0.05,200.0,POINTS,600.0,POINTS,300.0,POINTS,700.0,POINTS,52,32,20,61.54,139.93,1.15,-504.87
236,False,BOTH,M10,H4,10:30,11:30,11:30,19:00,21:30,0.05,200.0,POINTS,600.0,POINTS,400.0,POINTS,700.0,POINTS,52,32,20,61.54,139.93,1.15,-504.87
237,False,BOTH,M10,H4,10:30,11:30,11:30,19:00,21:30,0.05,200.0,POINTS,600.0,POINTS,200.0,POINTS,700.0,POINTS,52,32,20,61.54,139.93,1.15,-504.87
238,False,BOTH,M10,H4,10:30,11:30,11:30,19:00,21:30,0.05,200.0,POINTS,500.0,POINTS,300.0,POINTS,700.0,POINTS,52,32,20,61.54,139.93,1.15,-504.87
239,False,BOTH,M10,H4,10:30,11:30,11:30,19:00,21:30,0.05,200.0,POINTS,500.0,POINTS,400.0,POINTS,700.0,POINTS,52,32,20,61.54,139.93,1.15,-504.87
240,False,BOTH,M10,H4,10:30,11:30,11:30,19:00,21:30,0.05,200.0,POINTS,500.0,POINTS,200.0,POINTS,700.0,POINTS,52,32,20,61.54,139.93,1.15,-504.87
241,False,BOTH,M15,M1,10:30,11:30,11:30,19:00,21:30,0.05,200.0,POINTS,400.0,POINTS,300.0,POINTS,700.0,POINTS,52,32,20,61.54,139.93,1.15,-504.87
242,False,BOTH,M15,M1,10:30,11:30,11:30,19:00,21:30,0.05,200.0,POINTS,400.0,POINTS,400.0,POINTS,700.0,POINTS,52,32,20,61.54,139.93,1.15,-504.87
243,False,BOTH,M15,M1,10:30,11:30,11:30,19:00,21:30,0.05,200.0,POINTS,400.0,POINTS,200.0,POINTS,700.0,POINTS,52,32,20,61.54,139.93,1.15,-504.87
244,False,BOTH,M15,M1,10:30,11:30,11:30,19:00,21:30,0.05,200.0,POINTS,700.0,POINTS,300.0,POINTS,700.0,POINTS,52,32,20,61.54,139.93,1.15,-504.87
245,False,BOTH,M15,M1,10:30,11:30,11:30,19:00,21:30,0.05,200.0,POINTS,700.0,POINTS,400.0,POINTS,700.0,POINTS,52,32,20,61.54,139.93,1.15,-504.87
246,False,BOTH,M15,M1,10:30,11:30,11:30,19:00,21:30,0.05,200.0,POINTS,700.0,POINTS,200.0,POINTS,700.0,POINTS,52,32,20,61.54,139.93,1.15,-504.87
247,False,BOTH,M15,M1,10:30,11:30,11:30,19:00,21:30,0.05,200.0,POINTS,600.0,POINTS,300.0,POINTS,700.0,POINTS,52,32,20,61.54,139.93,1.15,-504.87
248,False,BOTH,M15,M1,10:30,11:30,11:30,19:00,21:30,0.05,200.0,POINTS,600.0,POINTS,400.0,POINTS,700.0,POINTS,52,32,20,61.54,139.93,1.15,-504.87
249,False,BOTH,M15,M1,10:30,11:30,11:30,19:00,21:30,0.05,200.0,POINTS,600.0,POINTS,200.0,POINTS,700.0,POINTS,52,32,20,61.54,139.93,1.15,-504.87
250,False,BOTH,M15,M1,10:30,11:30,11:30,19:00,21:30,0.05,200.0,POINTS,500.0,POINTS,300.0,POINTS,700.0,POINTS,52,32,20,61.54,139.93,1.15,-504.87
251,False,BOTH,M15,M1,10:30,11:30,11:30,19:00,21:30,0.05,200.0,POINTS,500.0,POINTS,400.0,POINTS,700.0,POINTS,52,32,20,61.54,139.93,1.15,-504.87
252,False,BOTH,M15,M1,10:30,11:30,11:30,19:00,21:30,0.05,200.0,POINTS,500.0,POINTS,200.0,POINTS,700.0,POINTS,52,32,20,61.54,139.93,1.15,-504.87
253,False,BOTH,M15,M2,10:30,11:30,11:30,19:00,21:30,0.05,200.0,POINTS,400.0,POINTS,300.0,POINTS,700.0,POINTS,52,32,20,61.54,139.93,1.15,-504.87
254,False,BOTH,M15,M2,10:30,11:30,11:30,19:00,21:30,0.05,200.0,POINTS,400.0,POINTS,400.0,POINTS,700.0,POINTS,52,32,20,61.54,139.93,1.15,-504.87
255,False,BOTH,M15,M2,10:30,11:30,11:30,19:00,21:30,0.05,200.0,POINTS,400.0,POINTS,200.0,POINTS,700.0,POINTS,52,32,20,61.54,139.93,1.15,-504.87
256,False,BOTH,M15,M2,10:30,11:30,11:30,19:00,21:30,0.05,200.0,POINTS,700.0,POINTS,300.0,POINTS,700.0,POINTS,52,32,20,61.54,139.93,1.15,-504.87
257,False,BOTH,M15,M2,10:30,11:30,11:30,19:00,21:30,0.05,200.0,POINTS,700.0,POINTS,400.0,POINTS,700.0,POINTS,52,32,20,61.54,139.93,1.15,-504.87
258,False,BOTH,M15,M2,10:30,11:30,11:30,19:00,21:30,0.05,200.0,POINTS,700.0,POINTS,200.0,POINTS,700.0,POINTS,52,32,20,61.54,139.93,1.15,-504.87
259,False,BOTH,M15,M2,10:30,11:30,11:30,19:00,21:30,0.05,200.0,POINTS,600.0,POINTS,300.0,POINTS,700.0,POINTS,52,32,20,61.54,139.93,1.15,-504.87
260,False,BOTH,M15,M2,10:30,11:30,11:30,19:00,21:30,0.05,200.0,POINTS,600.0,POINTS,400.0,POINTS,700.0,POINTS,52,32,20,61.54,139.93,1.15,-504.87
261,False,BOTH,M15,M2,10:30,11:30,11:30,19:00,21:30,0.05,200.0,POINTS,600.0,POINTS,200.0,POINTS,700.0,POINTS,52,32,20,61.54,139.93,1.15,-504.87
262,False,BOTH,M15,M2,10:30,11:30,11:30,19:00,21:30,0.05,200.0,POINTS,500.0,POINTS,300.0,POINTS,700.0,POINTS,52,32,20,61.54,139.93,1.15,-504.87
263,False,BOTH,M15,M2,10:30,11:30,11:30,19:00,21:30,0.05,200.0,POINTS,500.0,POINTS,400.0,POINTS,700.0,POINTS,52,32,20,61.54,139.93,1.15,-504.87
264,False,BOTH,M15,M2,10:30,11:30,11:30,19:00,21:30,0.05,200.0,POINTS,500.0,POINTS,200.0,POINTS,700.0,POINTS,52,32,20,61.54,139.93,1.15,-504.87
265,False,BOTH,M15,M3,10:30,11:30,11:30,19:00,21:30,0.05,200.0,POINTS,400.0,POINTS,300.0,POINTS,700.0,POINTS,52,32,20,61.54,139.93,1.15,-504.87
266,False,BOTH,M15,M3,10:30,11:30,11:30,19:00,21:30,0.05,200.0,POINTS,400.0,POINTS,400.0,POINTS,700.0,POINTS,52,32,20,61.54,139.93,1.15,-504.87
267,False,BOTH,M15,M3,10:30,11:30,11:30,19:00,21:30,0.05,200.0,POINTS,400.0,POINTS,200.0,POINTS,700.0,POINTS,52,32,20,61.54,139.93,1.15,-504.87
268,False,BOTH,M15,M3,10:30,11:30,11:30,19:00,21:30,0.05,200.0,POINTS,700.0,POINTS,300.0,POINTS,700.0,POINTS,52,32,20,61.54,139.93,1.15,-504.87
269,False,BOTH,M15,M3,10:30,11:30,11:30,19:00,21:30,0.05,200.0,POINTS,700.0,POINTS,400.0,POINTS,700.0,POINTS,52,32,20,61.54,139.93,1.15,-504.87
270,False,BOTH,M15,M3,10:30,11:30,11:30,19:00,21:30,0.05,200.0,POINTS,700.0,POINTS,200.0,POINTS,700.0,POINTS,52,32,20,61.54,139.93,1.15,-504.87
271,False,BOTH,M15,M3,10:30,11:30,11:30,19:00,21:30,0.05,200.0,POINTS,600.0,POINTS,300.0,POINTS,700.0,POINTS,52,32,20,61.54,139.93,1.15,-504.87
272,False,BOTH,M15,M3,10:30,11:30,11:30,19:00,21:30,0.05,200.0,POINTS,600.0,POINTS,400.0,POINTS,700.0,POINTS,52,32,20,61.54,139.93,1.15,-504.87
273,False,BOTH,M15,M3,10:30,11:30,11:30,19:00,21:30,0.05,200.0,POINTS,600.0,POINTS,200.0,POINTS,700.0,POINTS,52,32,20,61.54,139.93,1.15,-504.87
274,False,BOTH,M15,M3,10:30,11:30,11:30,19:00,21:30,0.05,200.0,POINTS,500.0,POINTS,300.0,POINTS,700.0,POINTS,52,32,20,61.54,139.93,1.15,-504.87
275,False,BOTH,M15,M3,10:30,11:30,11:30,19:00,21:30,0.05,200.0,POINTS,500.0,POINTS,400.0,POINTS,700.0,POINTS,52,32,20,61.54,139.93,1.15,-504.87
276,False,BOTH,M15,M3,10:30,11:30,11:30,19:00,21:30,0.05,200.0,POINTS,500.0,POINTS,200.0,POINTS,700.0,POINTS,52,32,20,61.54,139.93,1.15,-504.87
277,False,BOTH,M15,M4,10:30,11:30,11:30,19:00,21:30,0.05,200.0,POINTS,400.0,POINTS,300.0,POINTS,700.0,POINTS,52,32,20,61.54,139.93,1.15,-504.87
278,False,BOTH,M15,M4,10:30,11:30,11:30,19:00,21:30,0.05,200.0,POINTS,400.0,POINTS,400.0,POINTS,700.0,POINTS,52,32,20,61.54,139.93,1.15,-504.87
279,False,BOTH,M15,M4,10:30,11:30,11:30,19:00,21:30,0.05,200.0,POINTS,400.0,POINTS,200.0,POINTS,700.0,POINTS,52,32,20,61.54,139.93,1.15,-504.87
280,False,BOTH,M15,M4,10:30,11:30,11:30,19:00,21:30,0.05,200.0,POINTS,700.0,POINTS,300.0,POINTS,700.0,POINTS,52,32,20,61.54,139.93,1.15,-504.87
281,False,BOTH,M15,M4,10:30,11:30,11:30,19:00,21:30,0.05,200.0,POINTS,700.0,POINTS,400.0,POINTS,700.0,POINTS,52,32,20,61.54,139.93,1.15,-504.87
282,False,BOTH,M15,M4,10:30,11:30,11:30,19:00,21:30,0.05,200.0,POINTS,700.0,POINTS,200.0,POINTS,700.0,POINTS,52,32,20,61.54,139.93,1.15,-504.87
283,False,BOTH,M15,M4,10:30,11:30,11:30,19:00,21:30,0.05,200.0,POINTS,600.0,POINTS,300.0,POINTS,700.0,POINTS,52,32,20,61.54,139.93,1.15,-504.87
284,False,BOTH,M15,M4,10:30,11:30,11:30,19:00,21:30,0.05,200.0,POINTS,600.0,POINTS,400.0,POINTS,700.0,POINTS,52,32,20,61.54,139.93,1.15,-504.87
285,False,BOTH,M15,M4,10:30,11:30,11:30,19:00,21:30,0.05,200.0,POINTS,600.0,POINTS,200.0,POINTS,700.0,POINTS,52,32,20,61.54,139.93,1.15,-504.87
286,False,BOTH,M15,M4,10:30,11:30,11:30,19:00,21:30,0.05,200.0,POINTS,500.0,POINTS,300.0,POINTS,700.0,POINTS,52,32,20,61.54,139.93,1.15,-504.87
287,False,BOTH,M15,M4,10:30,11:30,11:30,19:00,21:30,0.05,200.0,POINTS,500.0,POINTS,400.0,POINTS,700.0,POINTS,52,32,20,61.54,139.93,1.15,-504.87
288,False,BOTH,M15,M4,10:30,11:30,11:30,19:00,21:30,0.05,200.0,POINTS,500.0,POINTS,200.0,POINTS,700.0,POINTS,52,32,20,61.54,139.93,1.15,-504.87
289,False,BOTH,M15,M5,10:30,11:30,11:30,19:00,21:30,0.05,200.0,POINTS,400.0,POINTS,300.0,POINTS,700.0,POINTS,52,32,20,61.54,139.93,1.15,-504.87
290,False,BOTH,M15,M5,10:30,11:30,11:30,19:00,21:30,0.05,200.0,POINTS,400.0,POINTS,400.0,POINTS,700.0,POINTS,52,32,20,61.54,139.93,1.15,-504.87
291,False,BOTH,M15,M5,10:30,11:30,11:30,19:00,21:30,0.05,200.0,POINTS,400.0,POINTS,200.0,POINTS,700.0,POINTS,52,32,20,61.54,139.93,1.15,-504.87
292,False,BOTH,M15,M5,10:30,11:30,11:30,19:00,21:30,0.05,200.0,POINTS,700.0,POINTS,300.0,POINTS,700.0,POINTS,52,32,20,61.54,139.93,1.15,-504.87
293,False,BOTH,M15,M5,10:30,11:30,11:30,19:00,21:30,0.05,200.0,POINTS,700.0,POINTS,400.0,POINTS,700.0,POINTS,52,32,20,61.54,139.93,1.15,-504.87
294,False,BOTH,M15,M5,10:30,11:30,11:30,19:00,21:30,0.05,200.0,POINTS,700.0,POINTS,200.0,POINTS,700.0,POINTS,52,32,20,61.54,139.93,1.15,-504.87
295,False,BOTH,M15,M5,10:30,11:30,11:30,19:00,21:30,0.05,200.0,POINTS,600.0,POINTS,300.0,POINTS,700.0,POINTS,52,32,20,61.54,139.93,1.15,-504.87
296,False,BOTH,M15,M5,10:30,11:30,11:30,19:00,21:30,0.05,200.0,POINTS,600.0,POINTS,400.0,POINTS,700.0,POINTS,52,32,20,61.54,139.93,1.15,-504.87
297,False,BOTH,M15,M5,10:30,11:30,11:30,19:00,21:30,0.05,200.0,POINTS,600.0,POINTS,200.0,POINTS,700.0,POINTS,52,32,20,61.54,139.93,1.15,-504.87
298,False,BOTH,M15,M5,10:30,11:30,11:30,19:00,21:30,0.05,200.0,POINTS,500.0,POINTS,300.0,POINTS,700.0,POINTS,52,32,20,61.54,139.93,1.15,-504.87
299,False,BOTH,M15,M5,10:30,11:30,11:30,19:00,21:30,0.05,200.0,POINTS,500.0,POINTS,400.0,POINTS,700.0,POINTS,52,32,20,61.54,139.93,1.15,-504.87
300,False,BOTH,M15,M5,10:30,11:30,11:30,19:00,21:30,0.05,200.0,POINTS,500.0,POINTS,200.0,POINTS,700.0,POINTS,52,32,20,61.54,139.93,1.15,-504.87
301,False,BOTH,M15,M10,10:30,11:30,11:30,19:00,21:30,0.05,200.0,POINTS,400.0,POINTS,300.0,POINTS,700.0,POINTS,52,32,20,61.54,139.93,1.15,-504.87
302,False,BOTH,M15,M10,10:30,11:30,11:30,19:00,21:30,0.05,200.0,POINTS,400.0,POINTS,400.0,POINTS,700.0,POINTS,52,32,20,61.54,139.93,1.15,-504.87
303,False,BOTH,M15,M10,10:30,11:30,11:30,19:00,21:30,0.05,200.0,POINTS,400.0,POINTS,200.0,POINTS,700.0,POINTS,52,32,20,61.54,139.93,1.15,-504.87
304,False,BOTH,M15,M10,10:30,11:30,11:30,19:00,21:30,0.05,200.0,POINTS,700.0,POINTS,300.0,POINTS,700.0,POINTS,52,32,20,61.54,139.93,1.15,-504.87
305,False,BOTH,M15,M10,10:30,11:30,11:30,19:00,21:30,0.05,200.0,POINTS,700.0,POINTS,400.0,POINTS,700.0,POINTS,52,32,20,61.54,139.93,1.15,-504.87
306,False,BOTH,M15,M10,10:30,11:30,11:30,19:00,21:30,0.05,200.0,POINTS,700.0,POINTS,200.0,POINTS,700.0,POINTS,52,32,20,61.54,139.93,1.15,-504.87
307,False,BOTH,M15,M10,10:30,11:30,11:30,19:00,21:30,0.05,200.0,POINTS,600.0,POINTS,300.0,POINTS,700.0,POINTS,52,32,20,61.54,139.93,1.15,-504.87
308,False,BOTH,M15,M10,10:30,11:30,11:30,19:00,21:30,0.05,200.0,POINTS,600.0,POINTS,400.0,POINTS,700.0,POINTS,52,32,20,61.54,139.93,1.15,-504.87
309,False,BOTH,M15,M10,10:30,11:30,11:30,19:00,21:30,0.05,200.0,POINTS,600.0,POINTS,200.0,POINTS,700.0,POINTS,52,32,20,61.54,139.93,1.15,-504.87
310,False,BOTH,M15,M10,10:30,11:30,11:30,19:00,21:30,0.05,200.0,POINTS,500.0,POINTS,300.0,POINTS,700.0,POINTS,52,32,20,61.54,139.93,1.15,-504.87
311,False,BOTH,M15,M10,10:30,11:30,11:30,19:00,21:30,0.05,200.0,POINTS,500.0,POINTS,400.0,POINTS,700.0,POINTS,52,32,20,61.54,139.93,1.15,-504.87
312,False,BOTH,M15,M10,10:30,11:30,11:30,19:00,21:30,0.05,200.0,POINTS,500.0,POINTS,200.0,POINTS,700.0,POINTS,52,32,20,61.54,139.93,1.15,-504.87
313,False,BOTH,M15,M15,10:30,11:30,11:30,19:00,21:30,0.05,200.0,POINTS,400.0,POINTS,300.0,POINTS,700.0,POINTS,52,32,20,61.54,139.93,1.15,-504.87
314,False,BOTH,M15,M15,10:30,11:30,11:30,19:00,21:30,0.05,200.0,POINTS,400.0,POINTS,400.0,POINTS,700.0,POINTS,52,32,20,61.54,139.93,1.15,-504.87
315,False,BOTH,M15,M15,10:30,11:30,11:30,19:00,21:30,0.05,200.0,POINTS,400.0,POINTS,200.0,POINTS,700.0,POINTS,52,32,20,61.54,139.93,1.15,-504.87
316,False,BOTH,M15,M15,10:30,11:30,11:30,19:00,21:30,0.05,200.0,POINTS,700.0,POINTS,300.0,POINTS,700.0,POINTS,52,32,20,61.54,139.93,1.15,-504.87
317,False,BOTH,M15,M15,10:30,11:30,11:30,19:00,21:30,0.05,200.0,POINTS,700.0,POINTS,400.0,POINTS,700.0,POINTS,52,32,20,61.54,139.93,1.15,-504.87
318,False,BOTH,M15,M15,10:30,11:30,11:30,19:00,21:30,0.05,200.0,POINTS,700.0,POINTS,200.0,POINTS,700.0,POINTS,52,32,20,61.54,139.93,1.15,-504.87
319,False,BOTH,M15,M15,10:30,11:30,11:30,19:00,21:30,0.05,200.0,POINTS,600.0,POINTS,300.0,POINTS,700.0,POINTS,52,32,20,61.54,139.93,1.15,-504.87
320,False,BOTH,M15,M15,10:30,11:30,11:30,19:00,21:30,0.05,200.0,POINTS,600.0,POINTS,400.0,POINTS,700.0,POINTS,52,32,20,61.54,139.93,1.15,-504.87
321,False,BOTH,M15,M15,10:30,11:30,11:30,19:00,21:30,0.05,200.0,POINTS,600.0,POINTS,200.0,POINTS,700.0,POINTS,52,32,20,61.54,139.93,1.15,-504.87
322,False,BOTH,M15,M15,10:30,11:30,11:30,19:00,21:30,0.05,200.0,POINTS,500.0,POINTS,300.0,POINTS,700.0,POINTS,52,32,20,61.54,139.93,1.15,-504.87
323,False,BOTH,M15,M15,10:30,11:30,11:30,19:00,21:30,0.05,200.0,POINTS,500.0,POINTS,400.0,POINTS,700.0,POINTS,52,32,20,61.54,139.93,1.15,-504.87
324,False,BOTH,M15,M15,10:30,11:30,11:30,19:00,21:30,0.05,200.0,POINTS,500.0,POINTS,200.0,POINTS,700.0,POINTS,52,32,20,61.54,139.93,1.15,-504.87
325,False,BOTH,M15,M30,10:30,11:30,11:30,19:00,21:30,0.05,200.0,POINTS,400.0,POINTS,300.0,POINTS,700.0,POINTS,52,32,20,61.54,139.93,1.15,-504.87
326,False,BOTH,M15,M30,10:30,11:30,11:30,19:00,21:30,0.05,200.0,POINTS,400.0,POINTS,400.0,POINTS,700.0,POINTS,52,32,20,61.54,139.93,1.15,-504.87
327,False,BOTH,M15,M30,10:30,11:30,11:30,19:00,21:30,0.05,200.0,POINTS,400.0,POINTS,200.0,POINTS,700.0,POINTS,52,32,20,61.54,139.93,1.15,-504.87
328,False,BOTH,M15,M30,10:30,11:30,11:30,19:00,21:30,0.05,200.0,POINTS,700.0,POINTS,300.0,POINTS,700.0,POINTS,52,32,20,61.54,139.93,1.15,-504.87
329,False,BOTH,M15,M30,10:30,11:30,11:30,19:00,21:30,0.05,200.0,POINTS,700.0,POINTS,400.0,POINTS,700.0,POINTS,52,32,20,61.54,139.93,1.15,-504.87
330,False,BOTH,M15,M30,10:30,11:30,11:30,19:00,21:30,0.05,200.0,POINTS,700.0,POINTS,200.0,POINTS,700.0,POINTS,52,32,20,61.54,139.93,1.15,-504.87
331,False,BOTH,M15,M30,10:30,11:30,11:30,19:00,21:30,0.05,200.0,POINTS,600.0,POINTS,300.0,POINTS,700.0,POINTS,52,32,20,61.54,139.93,1.15,-504.87
332,False,BOTH,M15,M30,10:30,11:30,11:30,19:00,21:30,0.05,200.0,POINTS,600.0,POINTS,400.0,POINTS,700.0,POINTS,52,32,20,61.54,139.93,1.15,-504.87
333,False,BOTH,M15,M30,10:30,11:30,11:30,19:00,21:30,0.05,200.0,POINTS,600.0,POINTS,200.0,POINTS,700.0,POINTS,52,32,20,61.54,139.93,1.15,-504.87
334,False,BOTH,M15,M30,10:30,11:30,11:30,19:00,21:30,0.05,200.0,POINTS,500.0,POINTS,300.0,POINTS,700.0,POINTS,52,32,20,61.54,139.93,1.15,-504.87
335,False,BOTH,M15,M30,10:30,11:30,11:30,19:00,21:30,0.05,200.0,POINTS,500.0,POINTS,400.0,POINTS,700.0,POINTS,52,32,20,61.54,139.93,1.15,-504.87
336,False,BOTH,M15,M30,10:30,11:30,11:30,19:00,21:30,0.05,200.0,POINTS,500.0,POINTS,200.0,POINTS,700.0,POINTS,52,32,20,61.54,139.93,1.15,-504.87
337,False,BOTH,M15,H1,10:30,11:30,11:30,19:00,21:30,0.05,200.0,POINTS,400.0,POINTS,300.0,POINTS,700.0,POINTS,52,32,20,61.54,139.93,1.15,-504.87
338,False,BOTH,M15,H1,10:30,11:30,11:30,19:00,21:30,0.05,200.0,POINTS,400.0,POINTS,400.0,POINTS,700.0,POINTS,52,32,20,61.54,139.93,1.15,-504.87
339,False,BOTH,M15,H1,10:30,11:30,11:30,19:00,21:30,0.05,200.0,POINTS,400.0,POINTS,200.0,POINTS,700.0,POINTS,52,32,20,61.54,139.93,1.15,-504.87
340,False,BOTH,M15,H1,10:30,11:30,11:30,19:00,21:30,0.05,200.0,POINTS,700.0,POINTS,300.0,POINTS,700.0,POINTS,52,32,20,61.54,139.93,1.15,-504.87
341,False,BOTH,M15,H1,10:30,11:30,11:30,19:00,21:30,0.05,200.0,POINTS,700.0,POINTS,400.0,POINTS,700.0,POINTS,52,32,20,61.54,139.93,1.15,-504.87
342,False,BOTH,M15,H1,10:30,11:30,11:30,19:00,21:30,0.05,200.0,POINTS,700.0,POINTS,200.0,POINTS,700.0,POINTS,52,32,20,61.54,139.93,1.15,-504.87
343,False,BOTH,M15,H1,10:30,11:30,11:30,19:00,21:30,0.05,200.0,POINTS,600.0,POINTS,300.0,POINTS,700.0,POINTS,52,32,20,61.54,139.93,1.15,-504.87
344,False,BOTH,M15,H1,10:30,11:30,11:30,19:00,21:30,0.05,200.0,POINTS,600.0,POINTS,400.0,POINTS,700.0,POINTS,52,32,20,61.54,139.93,1.15,-504.87
345,False,BOTH,M15,H1,10:30,11:30,11:30,19:00,21:30,0.05,200.0,POINTS,600.0,POINTS,200.0,POINTS,700.0,POINTS,52,32,20,61.54,139.93,1.15,-504.87
346,False,BOTH,M15,H1,10:30,11:30,11:30,19:00,21:30,0.05,200.0,POINTS,500.0,POINTS,300.0,POINTS,700.0,POINTS,52,32,20,61.54,139.93,1.15,-504.87
347,False,BOTH,M15,H1,10:30,11:30,11:30,19:00,21:30,0.05,200.0,POINTS,500.0,POINTS,400.0,POINTS,700.0,POINTS,52,32,20,61.54,139.93,1.15,-504.87
348,False,BOTH,M15,H1,10:30,11:30,11:30,19:00,21:30,0.05,200.0,POINTS,500.0,POINTS,200.0,POINTS,700.0,POINTS,52,32,20,61.54,139.93,1.15,-504.87
349,False,BOTH,M15,H4,10:30,11:30,11:30,19:00,21:30,0.05,200.0,POINTS,400.0,POINTS,300.0,POINTS,700.0,POINTS,52,32,20,61.54,139.93,1.15,-504.87
350,False,BOTH,M15,H4,10:30,11:30,11:30,19:00,21:30,0.05,200.0,POINTS,400.0,POINTS,400.0,POINTS,700.0,POINTS,52,32,20,61.54,139.93,1.15,-504.87
351,False,BOTH,M15,H4,10:30,11:30,11:30,19:00,21:30,0.05,200.0,POINTS,400.0,POINTS,200.0,POINTS,700.0,POINTS,52,32,20,61.54,139.93,1.15,-504.87
352,False,BOTH,M15,H4,10:30,11:30,11:30,19:00,21:30,0.05,200.0,POINTS,700.0,POINTS,300.0,POINTS,700.0,POINTS,52,32,20,61.54,139.93,1.15,-504.87
353,False,BOTH,M15,H4,10:30,11:30,11:30,19:00,21:30,0.05,200.0,POINTS,700.0,POINTS,400.0,POINTS,700.0,POINTS,52,32,20,61.54,139.93,1.15,-504.87
354,False,BOTH,M15,H4,10:30,11:30,11:30,19:00,21:30,0.05,200.0,POINTS,700.0,POINTS,200.0,POINTS,700.0,POINTS,52,32,20,61.54,139.93,1.15,-504.87
355,False,BOTH,M15,H4,10:30,11:30,11:30,19:00,21:30,0.05,200.0,POINTS,600.0,POINTS,300.0,POINTS,700.0,POINTS,52,32,20,61.54,139.93,1.15,-504.87
356,False,BOTH,M15,H4,10:30,11:30,11:30,19:00,21:30,0.05,200.0,POINTS,600.0,POINTS,400.0,POINTS,700.0,POINTS,52,32,20,61.54,139.93,1.15,-504.87
357,False,BOTH,M15,H4,10:30,11:30,11:30,19:00,21:30,0.05,200.0,POINTS,600.0,POINTS,200.0,POINTS,700.0,POINTS,52,32,20,61.54,139.93,1.15,-504.87
358,False,BOTH,M15,H4,10:30,11:30,11:30,19:00,21:30,0.05,200.0,POINTS,500.0,POINTS,300.0,POINTS,700.0,POINTS,52,32,20,61.54,139.93,1.15,-504.87
359,False,BOTH,M15,H4,10:30,11:30,11:30,19:00,21:30,0.05,200.0,POINTS,500.0,POINTS,400.0,POINTS,700.0,POINTS,52,32,20,61.54,139.93,1.15,-504.87
360,False,BOTH,M15,H4,10:30,11:30,11:30,19:00,21:30,0.05,200.0,POINTS,500.0,POINTS,200.0,POINTS,700.0,POINTS,52,32,20,61.54,139.93,1.15,-504.87
361,False,BOTH,M30,M1,10:30,11:30,11:30,19:00,21:30,0.05,200.0,POINTS,400.0,POINTS,300.0,POINTS,700.0,POINTS,52,32,20,61.54,139.93,1.15,-504.87
362,False,BOTH,M30,M1,10:30,11:30,11:30,19:00,21:30,0.05,200.0,POINTS,400.0,POINTS,400.0,POINTS,700.0,POINTS,52,32,20,61.54,139.93,1.15,-504.87
363,False,BOTH,M30,M1,10:30,11:30,11:30,19:00,21:30,0.05,200.0,POINTS,400.0,POINTS,200.0,POINTS,700.0,POINTS,52,32,20,61.54,139.93,1.15,-504.87
364,False,BOTH,M30,M1,10:30,11:30,11:30,19:00,21:30,0.05,200.0,POINTS,700.0,POINTS,300.0,POINTS,700.0,POINTS,52,32,20,61.54,139.93,1.15,-504.87
365,False,BOTH,M30,M1,10:30,11:30,11:30,19:00,21:30,0.05,200.0,POINTS,700.0,POINTS,400.0,POINTS,700.0,POINTS,52,32,20,61.54,139.93,1.15,-504.87
366,False,BOTH,M30,M1,10:30,11:30,11:30,19:00,21:30,0.05,200.0,POINTS,700.0,POINTS,200.0,POINTS,700.0,POINTS,52,32,20,61.54,139.93,1.15,-504.87
367,False,BOTH,M30,M1,10:30,11:30,11:30,19:00,21:30,0.05,200.0,POINTS,600.0,POINTS,300.0,POINTS,700.0,POINTS,52,32,20,61.54,139.93,1.15,-504.87
368,False,BOTH,M30,M1,10:30,11:30,11:30,19:00,21:30,0.05,200.0,POINTS,600.0,POINTS,400.0,POINTS,700.0,POINTS,52,32,20,61.54,139.93,1.15,-504.87
369,False,BOTH,M30,M1,10:30,11:30,11:30,19:00,21:30,0.05,200.0,POINTS,600.0,POINTS,200.0,POINTS,700.0,POINTS,52,32,20,61.54,139.93,1.15,-504.87
370,False,BOTH,M30,M1,10:30,11:30,11:30,19:00,21:30,0.05,200.0,POINTS,500.0,POINTS,300.0,POINTS,700.0,POINTS,52,32,20,61.54,139.93,1.15,-504.87
371,False,BOTH,M30,M1,10:30,11:30,11:30,19:00,21:30,0.05,200.0,POINTS,500.0,POINTS,400.0,POINTS,700.0,POINTS,52,32,20,61.54,139.93,1.15,-504.87
372,False,BOTH,M30,M1,10:30,11:30,11:30,19:00,21:30,0.05,200.0,POINTS,500.0,POINTS,200.0,POINTS,700.0,POINTS,52,32,20,61.54,139.93,1.15,-504.87
373,False,BOTH,M30,M2,10:30,11:30,11:30,19:00,21:30,0.05,200.0,POINTS,400.0,POINTS,300.0,POINTS,700.0,POINTS,52,32,20,61.54,139.93,1.15,-504.87
374,False,BOTH,M30,M2,10:30,11:30,11:30,19:00,21:30,0.05,200.0,POINTS,400.0,POINTS,400.0,POINTS,700.0,POINTS,52,32,20,61.54,139.93,1.15,-504.87
375,False,BOTH,M30,M2,10:30,11:30,11:30,19:00,21:30,0.05,200.0,POINTS,400.0,POINTS,200.0,POINTS,700.0,POINTS,52,32,20,61.54,139.93,1.15,-504.87
376,False,BOTH,M30,M2,10:30,11:30,11:30,19:00,21:30,0.05,200.0,POINTS,700.0,POINTS,300.0,POINTS,700.0,POINTS,52,32,20,61.54,139.93,1.15,-504.87
377,False,BOTH,M30,M2,10:30,11:30,11:30,19:00,21:30,0.05,200.0,POINTS,700.0,POINTS,400.0,POINTS,700.0,POINTS,52,32,20,61.54,139.93,1.15,-504.87
378,False,BOTH,M30,M2,10:30,11:30,11:30,19:00,21:30,0.05,200.0,POINTS,700.0,POINTS,200.0,POINTS,700.0,POINTS,52,32,20,61.54,139.93,1.15,-504.87
379,False,BOTH,M30,M2,10:30,11:30,11:30,19:00,21:30,0.05,200.0,POINTS,600.0,POINTS,300.0,POINTS,700.0,POINTS,52,32,20,61.54,139.93,1.15,-504.87
380,False,BOTH,M30,M2,10:30,11:30,11:30,19:00,21:30,0.05,200.0,POINTS,600.0,POINTS,400.0,POINTS,700.0,POINTS,52,32,20,61.54,139.93,1.15,-504.87
381,False,BOTH,M30,M2,10:30,11:30,11:30,19:00,21:30,0.05,200.0,POINTS,600.0,POINTS,200.0,POINTS,700.0,POINTS,52,32,20,61.54,139.93,1.15,-504.87
382,False,BOTH,M30,M2,10:30,11:30,11:30,19:00,21:30,0.05,200.0,POINTS,500.0,POINTS,300.0,POINTS,700.0,POINTS,52,32,20,61.54,139.93,1.15,-504.87
383,False,BOTH,M30,M2,10:30,11:30,11:30,19:00,21:30,0.05,200.0,POINTS,500.0,POINTS,400.0,POINTS,700.0,POINTS,52,32,20,61.54,139.93,1.15,-504.87
384,False,BOTH,M30,M2,10:30,11:30,11:30,19:00,21:30,0.05,200.0,POINTS,500.0,POINTS,200.0,POINTS,700.0,POINTS,52,32,20,61.54,139.93,1.15,-504.87
385,False,BOTH,M30,M3,10:30,11:30,11:30,19:00,21:30,0.05,200.0,POINTS,400.0,POINTS,300.0,POINTS,700.0,POINTS,52,32,20,61.54,139.93,1.15,-504.87
386,False,BOTH,M30,M3,10:30,11:30,11:30,19:00,21:30,0.05,200.0,POINTS,400.0,POINTS,400.0,POINTS,700.0,POINTS,52,32,20,61.54,139.93,1.15,-504.87
387,False,BOTH,M30,M3,10:30,11:30,11:30,19:00,21:30,0.05,200.0,POINTS,400.0,POINTS,200.0,POINTS,700.0,POINTS,52,32,20,61.54,139.93,1.15,-504.87
388,False,BOTH,M30,M3,10:30,11:30,11:30,19:00,21:30,0.05,200.0,POINTS,700.0,POINTS,300.0,POINTS,700.0,POINTS,52,32,20,61.54,139.93,1.15,-504.87
389,False,BOTH,M30,M3,10:30,11:30,11:30,19:00,21:30,0.05,200.0,POINTS,700.0,POINTS,400.0,POINTS,700.0,POINTS,52,32,20,61.54,139.93,1.15,-504.87
390,False,BOTH,M30,M3,10:30,11:30,11:30,19:00,21:30,0.05,200.0,POINTS,700.0,POINTS,200.0,POINTS,700.0,POINTS,52,32,20,61.54,139.93,1.15,-504.87
391,False,BOTH,M30,M3,10:30,11:30,11:30,19:00,21:30,0.05,200.0,POINTS,600.0,POINTS,300.0,POINTS,700.0,POINTS,52,32,20,61.54,139.93,1.15,-504.87
392,False,BOTH,M30,M3,10:30,11:30,11:30,19:00,21:30,0.05,200.0,POINTS,600.0,POINTS,400.0,POINTS,700.0,POINTS,52,32,20,61.54,139.93,1.15,-504.87
393,False,BOTH,M30,M3,10:30,11:30,11:30,19:00,21:30,0.05,200.0,POINTS,600.0,POINTS,200.0,POINTS,700.0,POINTS,52,32,20,61.54,139.93,1.15,-504.87
394,False,BOTH,M30,M3,10:30,11:30,11:30,19:00,21:30,0.05,200.0,POINTS,500.0,POINTS,300.0,POINTS,700.0,POINTS,52,32,20,61.54,139.93,1.15,-504.87
395,False,BOTH,M30,M3,10:30,11:30,11:30,19:00,21:30,0.05,200.0,POINTS,500.0,POINTS,400.0,POINTS,700.0,POINTS,52,32,20,61.54,139.93,1.15,-504.87
396,False,BOTH,M30,M3,10:30,11:30,11:30,19:00,21:30,0.05,200.0,POINTS,500.0,POINTS,200.0,POINTS,700.0,POINTS,52,32,20,61.54,139.93,1.15,-504.87
397,False,BOTH,M30,M4,10:30,11:30,11:30,19:00,21:30,0.05,200.0,POINTS,400.0,POINTS,300.0,POINTS,700.0,POINTS,52,32,20,61.54,139.93,1.15,-504.87
398,False,BOTH,M30,M4,10:30,11:30,11:30,19:00,21:30,0.05,200.0,POINTS,400.0,POINTS,400.0,POINTS,700.0,POINTS,52,32,20,61.54,139.93,1.15,-504.87
399,False,BOTH,M30,M4,10:30,11:30,11:30,19:00,21:30,0.05,200.0,POINTS,400.0,POINTS,200.0,POINTS,700.0,POINTS,52,32,20,61.54,139.93,1.15,-504.87
400,False,BOTH,M30,M4,10:30,11:30,11:30,19:00,21:30,0.05,200.0,POINTS,700.0,POINTS,300.0,POINTS,700.0,POINTS,52,32,20,61.54,139.93,1.15,-504.87
401,False,BOTH,M30,M4,10:30,11:30,11:30,19:00,21:30,0.05,200.0,POINTS,700.0,POINTS,400.0,POINTS,700.0,POINTS,52,32,20,61.54,139.93,1.15,-504.87
402,False,BOTH,M30,M4,10:30,11:30,11:30,19:00,21:30,0.05,200.0,POINTS,700.0,POINTS,200.0,POINTS,700.0,POINTS,52,32,20,61.54,139.93,1.15,-504.87
403,False,BOTH,M30,M4,10:30,11:30,11:30,19:00,21:30,0.05,200.0,POINTS,600.0,POINTS,300.0,POINTS,700.0,POINTS,52,32,20,61.54,139.93,1.15,-504.87
404,False,BOTH,M30,M4,10:30,11:30,11:30,19:00,21:30,0.05,200.0,POINTS,600.0,POINTS,400.0,POINTS,700.0,POINTS,52,32,20,61.54,139.93,1.15,-504.87
405,False,BOTH,M30,M4,10:30,11:30,11:30,19:00,21:30,0.05,200.0,POINTS,600.0,POINTS,200.0,POINTS,700.0,POINTS,52,32,20,61.54,139.93,1.15,-504.87
406,False,BOTH,M30,M4,10:30,11:30,11:30,19:00,21:30,0.05,200.0,POINTS,500.0,POINTS,300.0,POINTS,700.0,POINTS,52,32,20,61.54,139.93,1.15,-504.87
407,False,BOTH,M30,M4,10:30,11:30,11:30,19:00,21:30,0.05,200.0,POINTS,500.0,POINTS,400.0,POINTS,700.0,POINTS,52,32,20,61.54,139.93,1.15,-504.87
408,False,BOTH,M30,M4,10:30,11:30,11:30,19:00,21:30,0.05,200.0,POINTS,500.0,POINTS,200.0,POINTS,700.0,POINTS,52,32,20,61.54,139.93,1.15,-504.87
409,False,BOTH,M30,M5,10:30,11:30,11:30,19:00,21:30,0.05,200.0,POINTS,400.0,POINTS,300.0,POINTS,700.0,POINTS,52,32,20,61.54,139.93,1.15,-504.87
410,False,BOTH,M30,M5,10:30,11:30,11:30,19:00,21:30,0.05,200.0,POINTS,400.0,POINTS,400.0,POINTS,700.0,POINTS,52,32,20,61.54,139.93,1.15,-504.87
411,False,BOTH,M30,M5,10:30,11:30,11:30,19:00,21:30,0.05,200.0,POINTS,400.0,POINTS,200.0,POINTS,700.0,POINTS,52,32,20,61.54,139.93,1.15,-504.87
412,False,BOTH,M30,M5,10:30,11:30,11:30,19:00,21:30,0.05,200.0,POINTS,700.0,POINTS,300.0,POINTS,700.0,POINTS,52,32,20,61.54,139.93,1.15,-504.87
413,False,BOTH,M30,M5,10:30,11:30,11:30,19:00,21:30,0.05,200.0,POINTS,700.0,POINTS,400.0,POINTS,700.0,POINTS,52,32,20,61.54,139.93,1.15,-504.87
414,False,BOTH,M30,M5,10:30,11:30,11:30,19:00,21:30,0.05,200.0,POINTS,700.0,POINTS,200.0,POINTS,700.0,POINTS,52,32,20,61.54,139.93,1.15,-504.87
415,False,BOTH,M30,M5,10:30,11:30,11:30,19:00,21:30,0.05,200.0,POINTS,600.0,POINTS,300.0,POINTS,700.0,POINTS,52,32,20,61.54,139.93,1.15,-504.87
416,False,BOTH,M30,M5,10:30,11:30,11:30,19:00,21:30,0.05,200.0,POINTS,600.0,POINTS,400.0,POINTS,700.0,POINTS,52,32,20,61.54,139.93,1.15,-504.87
417,False,BOTH,M30,M5,10:30,11:30,11:30,19:00,21:30,0.05,200.0,POINTS,600.0,POINTS,200.0,POINTS,700.0,POINTS,52,32,20,61.54,139.93,1.15,-504.87
418,False,BOTH,M30,M5,10:30,11:30,11:30,19:00,21:30,0.05,200.0,POINTS,500.0,POINTS,300.0,POINTS,700.0,POINTS,52,32,20,61.54,139.93,1.15,-504.87
419,False,BOTH,M30,M5,10:30,11:30,11:30,19:00,21:30,0.05,200.0,POINTS,500.0,POINTS,400.0,POINTS,700.0,POINTS,52,32,20,61.54,139.93,1.15,-504.87
420,False,BOTH,M30,M5,10:30,11:30,11:30,19:00,21:30,0.05,200.0,POINTS,500.0,POINTS,200.0,POINTS,700.0,POINTS,52,32,20,61.54,139.93,1.15,-504.87
421,False,BOTH,M30,M10,10:30,11:30,11:30,19:00,21:30,0.05,200.0,POINTS,400.0,POINTS,300.0,POINTS,700.0,POINTS,52,32,20,61.54,139.93,1.15,-504.87
422,False,BOTH,M30,M10,10:30,11:30,11:30,19:00,21:30,0.05,200.0,POINTS,400.0,POINTS,400.0,POINTS,700.0,POINTS,52,32,20,61.54,139.93,1.15,-504.87
423,False,BOTH,M30,M10,10:30,11:30,11:30,19:00,21:30,0.05,200.0,POINTS,400.0,POINTS,200.0,POINTS,700.0,POINTS,52,32,20,61.54,139.93,1.15,-504.87
424,False,BOTH,M30,M10,10:30,11:30,11:30,19:00,21:30,0.05,200.0,POINTS,700.0,POINTS,300.0,POINTS,700.0,POINTS,52,32,20,61.54,139.93,1.15,-504.87
425,False,BOTH,M30,M10,10:30,11:30,11:30,19:00,21:30,0.05,200.0,POINTS,700.0,POINTS,400.0,POINTS,700.0,POINTS,52,32,20,61.54,139.93,1.15,-504.87
426,False,BOTH,M30,M10,10:30,11:30,11:30,19:00,21:30,0.05,200.0,POINTS,700.0,POINTS,200.0,POINTS,700.0,POINTS,52,32,20,61.54,139.93,1.15,-504.87
427,False,BOTH,M30,M10,10:30,11:30,11:30,19:00,21:30,0.05,200.0,POINTS,600.0,POINTS,300.0,POINTS,700.0,POINTS,52,32,20,61.54,139.93,1.15,-504.87
428,False,BOTH,M30,M10,10:30,11:30,11:30,19:00,21:30,0.05,200.0,POINTS,600.0,POINTS,400.0,POINTS,700.0,POINTS,52,32,20,61.54,139.93,1.15,-504.87
429,False,BOTH,M30,M10,10:30,11:30,11:30,19:00,21:30,0.05,200.0,POINTS,600.0,POINTS,200.0,POINTS,700.0,POINTS,52,32,20,61.54,139.93,1.15,-504.87
430,False,BOTH,M30,M10,10:30,11:30,11:30,19:00,21:30,0.05,200.0,POINTS,500.0,POINTS,300.0,POINTS,700.0,POINTS,52,32,20,61.54,139.93,1.15,-504.87
431,False,BOTH,M30,M10,10:30,11:30,11:30,19:00,21:30,0.05,200.0,POINTS,500.0,POINTS,400.0,POINTS,700.0,POINTS,52,32,20,61.54,139.93,1.15,-504.87
432,False,BOTH,M30,M10,10:30,11:30,11:30,19:00,21:30,0.05,200.0,POINTS,500.0,POINTS,200.0,POINTS,700.0,POINTS,52,32,20,61.54,139.93,1.15,-504.87
433,False,BOTH,M30,M15,10:30,11:30,11:30,19:00,21:30,0.05,200.0,POINTS,400.0,POINTS,300.0,POINTS,700.0,POINTS,52,32,20,61.54,139.93,1.15,-504.87
434,False,BOTH,M30,M15,10:30,11:30,11:30,19:00,21:30,0.05,200.0,POINTS,400.0,POINTS,400.0,POINTS,700.0,POINTS,52,32,20,61.54,139.93,1.15,-504.87
435,False,BOTH,M30,M15,10:30,11:30,11:30,19:00,21:30,0.05,200.0,POINTS,400.0,POINTS,200.0,POINTS,700.0,POINTS,52,32,20,61.54,139.93,1.15,-504.87
436,False,BOTH,M30,M15,10:30,11:30,11:30,19:00,21:30,0.05,200.0,POINTS,700.0,POINTS,300.0,POINTS,700.0,POINTS,52,32,20,61.54,139.93,1.15,-504.87
437,False,BOTH,M30,M15,10:30,11:30,11:30,19:00,21:30,0.05,200.0,POINTS,700.0,POINTS,400.0,POINTS,700.0,POINTS,52,32,20,61.54,139.93,1.15,-504.87
438,False,BOTH,M30,M15,10:30,11:30,11:30,19:00,21:30,0.05,200.0,POINTS,700.0,POINTS,200.0,POINTS,700.0,POINTS,52,32,20,61.54,139.93,1.15,-504.87
439,False,BOTH,M30,M15,10:30,11:30,11:30,19:00,21:30,0.05,200.0,POINTS,600.0,POINTS,300.0,POINTS,700.0,POINTS,52,32,20,61.54,139.93,1.15,-504.87
440,False,BOTH,M30,M15,10:30,11:30,11:30,19:00,21:30,0.05,200.0,POINTS,600.0,POINTS,400.0,POINTS,700.0,POINTS,52,32,20,61.54,139.93,1.15,-504.87
441,False,BOTH,M30,M15,10:30,11:30,11:30,19:00,21:30,0.05,200.0,POINTS,600.0,POINTS,200.0,POINTS,700.0,POINTS,52,32,20,61.54,139.93,1.15,-504.87
442,False,BOTH,M30,M15,10:30,11:30,11:30,19:00,21:30,0.05,200.0,POINTS,500.0,POINTS,300.0,POINTS,700.0,POINTS,52,32,20,61.54,139.93,1.15,-504.87
443,False,BOTH,M30,M15,10:30,11:30,11:30,19:00,21:30,0.05,200.0,POINTS,500.0,POINTS,400.0,POINTS,700.0,POINTS,52,32,20,61.54,139.93,1.15,-504.87
444,False,BOTH,M30,M15,10:30,11:30,11:30,19:00,21:30,0.05,200.0,POINTS,500.0,POINTS,200.0,POINTS,700.0,POINTS,52,32,20,61.54,139.93,1.15,-504.87
445,False,BOTH,M30,M30,10:30,11:30,11:30,19:00,21:30,0.05,200.0,POINTS,400.0,POINTS,300.0,POINTS,700.0,POINTS,52,32,20,61.54,139.93,1.15,-504.87
446,False,BOTH,M30,M30,10:30,11:30,11:30,19:00,21:30,0.05,200.0,POINTS,400.0,POINTS,400.0,POINTS,700.0,POINTS,52,32,20,61.54,139.93,1.15,-504.87
447,False,BOTH,M30,M30,10:30,11:30,11:30,19:00,21:30,0.05,200.0,POINTS,400.0,POINTS,200.0,POINTS,700.0,POINTS,52,32,20,61.54,139.93,1.15,-504.87
448,False,BOTH,M30,M30,10:30,11:30,11:30,19:00,21:30,0.05,200.0,POINTS,700.0,POINTS,300.0,POINTS,700.0,POINTS,52,32,20,61.54,139.93,1.15,-504.87
449,False,BOTH,M30,M30,10:30,11:30,11:30,19:00,21:30,0.05,200.0,POINTS,700.0,POINTS,400.0,POINTS,700.0,POINTS,52,32,20,61.54,139.93,1.15,-504.87
450,False,BOTH,M30,M30,10:30,11:30,11:30,19:00,21:30,0.05,200.0,POINTS,700.0,POINTS,200.0,POINTS,700.0,POINTS,52,32,20,61.54,139.93,1.15,-504.87
451,False,BOTH,M30,M30,10:30,11:30,11:30,19:00,21:30,0.05,200.0,POINTS,600.0,POINTS,300.0,POINTS,700.0,POINTS,52,32,20,61.54,139.93,1.15,-504.87
452,False,BOTH,M30,M30,10:30,11:30,11:30,19:00,21:30,0.05,200.0,POINTS,600.0,POINTS,400.0,POINTS,700.0,POINTS,52,32,20,61.54,139.93,1.15,-504.87
453,False,BOTH,M30,M30,10:30,11:30,11:30,19:00,21:30,0.05,200.0,POINTS,600.0,POINTS,200.0,POINTS,700.0,POINTS,52,32,20,61.54,139.93,1.15,-504.87
454,False,BOTH,M30,M30,10:30,11:30,11:30,19:00,21:30,0.05,200.0,POINTS,500.0,POINTS,300.0,POINTS,700.0,POINTS,52,32,20,61.54,139.93,1.15,-504.87
455,False,BOTH,M30,M30,10:30,11:30,11:30,19:00,21:30,0.05,200.0,POINTS,500.0,POINTS,400.0,POINTS,700.0,POINTS,52,32,20,61.54,139.93,1.15,-504.87
456,False,BOTH,M30,M30,10:30,11:30,11:30,19:00,21:30,0.05,200.0,POINTS,500.0,POINTS,200.0,POINTS,700.0,POINTS,52,32,20,61.54,139.93,1.15,-504.87
457,False,BOTH,M30,H1,10:30,11:30,11:30,19:00,21:30,0.05,200.0,POINTS,400.0,POINTS,300.0,POINTS,700.0,POINTS,52,32,20,61.54,139.93,1.15,-504.87
458,False,BOTH,M30,H1,10:30,11:30,11:30,19:00,21:30,0.05,200.0,POINTS,400.0,POINTS,400.0,POINTS,700.0,POINTS,52,32,20,61.54,139.93,1.15,-504.87
459,False,BOTH,M30,H1,10:30,11:30,11:30,19:00,21:30,0.05,200.0,POINTS,400.0,POINTS,200.0,POINTS,700.0,POINTS,52,32,20,61.54,139.93,1.15,-504.87
460,False,BOTH,M30,H1,10:30,11:30,11:30,19:00,21:30,0.05,200.0,POINTS,700.0,POINTS,300.0,POINTS,700.0,POINTS,52,32,20,61.54,139.93,1.15,-504.87
461,False,BOTH,M30,H1,10:30,11:30,11:30,19:00,21:30,0.05,200.0,POINTS,700.0,POINTS,400.0,POINTS,700.0,POINTS,52,32,20,61.54,139.93,1.15,-504.87
462,False,BOTH,M30,H1,10:30,11:30,11:30,19:00,21:30,0.05,200.0,POINTS,700.0,POINTS,200.0,POINTS,700.0,POINTS,52,32,20,61.54,139.93,1.15,-504.87
463,False,BOTH,M30,H1,10:30,11:30,11:30,19:00,21:30,0.05,200.0,POINTS,600.0,POINTS,300.0,POINTS,700.0,POINTS,52,32,20,61.54,139.93,1.15,-504.87
464,False,BOTH,M30,H1,10:30,11:30,11:30,19:00,21:30,0.05,200.0,POINTS,600.0,POINTS,400.0,POINTS,700.0,POINTS,52,32,20,61.54,139.93,1.15,-504.87
465,False,BOTH,M30,H1,10:30,11:30,11:30,19:00,21:30,0.05,200.0,POINTS,600.0,POINTS,200.0,POINTS,700.0,POINTS,52,32,20,61.54,139.93,1.15,-504.87
466,False,BOTH,M30,H1,10:30,11:30,11:30,19:00,21:30,0.05,200.0,POINTS,500.0,POINTS,300.0,POINTS,700.0,POINTS,52,32,20,61.54,139.93,1.15,-504.87
467,False,BOTH,M30,H1,10:30,11:30,11:30,19:00,21:30,0.05,200.0,POINTS,500.0,POINTS,400.0,POINTS,700.0,POINTS,52,32,20,61.54,139.93,1.15,-504.87
468,False,BOTH,M30,H1,10:30,11:30,11:30,19:00,21:30,0.05,200.0,POINTS,500.0,POINTS,200.0,POINTS,700.0,POINTS,52,32,20,61.54,139.93,1.15,-504.87
469,False,BOTH,M30,H4,10:30,11:30,11:30,19:00,21:30,0.05,200.0,POINTS,400.0,POINTS,300.0,POINTS,700.0,POINTS,52,32,20,61.54,139.93,1.15,-504.87
470,False,BOTH,M30,H4,10:30,11:30,11:30,19:00,21:30,0.05,200.0,POINTS,400.0,POINTS,400.0,POINTS,700.0,POINTS,52,32,20,61.54,139.93,1.15,-504.87
471,False,BOTH,M30,H4,10:30,11:30,11:30,19:00,21:30,0.05,200.0,POINTS,400.0,POINTS,200.0,POINTS,700.0,POINTS,52,32,20,61.54,139.93,1.15,-504.87
472,False,BOTH,M30,H4,10:30,11:30,11:30,19:00,21:30,0.05,200.0,POINTS,700.0,POINTS,300.0,POINTS,700.0,POINTS,52,32,20,61.54,139.93,1.15,-504.87
473,False,BOTH,M30,H4,10:30,11:30,11:30,19:00,21:30,0.05,200.0,POINTS,700.0,POINTS,400.0,POINTS,700.0,POINTS,52,32,20,61.54,139.93,1.15,-504.87
474,False,BOTH,M30,H4,10:30,11:30,11:30,19:00,21:30,0.05,200.0,POINTS,700.0,POINTS,200.0,POINTS,700.0,POINTS,52,32,20,61.54,139.93,1.15,-504.87
475,False,BOTH,M30,H4,10:30,11:30,11:30,19:00,21:30,0.05,200.0,POINTS,600.0,POINTS,300.0,POINTS,700.0,POINTS,52,32,20,61.54,139.93,1.15,-504.87
476,False,BOTH,M30,H4,10:30,11:30,11:30,19:00,21:30,0.05,200.0,POINTS,600.0,POINTS,400.0,POINTS,700.0,POINTS,52,32,20,61.54,139.93,1.15,-504.87
477,False,BOTH,M30,H4,10:30,11:30,11:30,19:00,21:30,0.05,200.0,POINTS,600.0,POINTS,200.0,POINTS,700.0,POINTS,52,32,20,61.54,139.93,1.15,-504.87
478,False,BOTH,M30,H4,10:30,11:30,11:30,19:00,21:30,0.05,200.0,POINTS,500.0,POINTS,300.0,POINTS,700.0,POINTS,52,32,20,61.54,139.93,1.15,-504.87
479,False,BOTH,M30,H4,10:30,11:30,11:30,19:00,21:30,0.05,200.0,POINTS,500.0,POINTS,400.0,POINTS,700.0,POINTS,52,32,20,61.54,139.93,1.15,-504.87
480,False,BOTH,M30,H4,10:30,11:30,11:30,19:00,21:30,0.05,200.0,POINTS,500.0,POINTS,200.0,POINTS,700.0,POINTS,52,32,20,61.54,139.93,1.15,-504.87
481,False,BOTH,H1,M1,10:30,11:30,11:30,19:00,21:30,0.05,200.0,POINTS,400.0,POINTS,300.0,POINTS,700.0,POINTS,52,32,20,61.54,139.93,1.15,-504.87
482,False,BOTH,H1,M1,10:30,11:30,11:30,19:00,21:30,0.05,200.0,POINTS,400.0,POINTS,400.0,POINTS,700.0,POINTS,52,32,20,61.54,139.93,1.15,-504.87
483,False,BOTH,H1,M1,10:30,11:30,11:30,19:00,21:30,0.05,200.0,POINTS,400.0,POINTS,200.0,POINTS,700.0,POINTS,52,32,20,61.54,139.93,1.15,-504.87
484,False,BOTH,H1,M1,10:30,11:30,11:30,19:00,21:30,0.05,200.0,POINTS,700.0,POINTS,300.0,POINTS,700.0,POINTS,52,32,20,61.54,139.93,1.15,-504.87
485,False,BOTH,H1,M1,10:30,11:30,11:30,19:00,21:30,0.05,200.0,POINTS,700.0,POINTS,400.0,POINTS,700.0,POINTS,52,32,20,61.54,139.93,1.15,-504.87
486,False,BOTH,H1,M1,10:30,11:30,11:30,19:00,21:30,0.05,200.0,POINTS,700.0,POINTS,200.0,POINTS,700.0,POINTS,52,32,20,61.54,139.93,1.15,-504.87
487,False,BOTH,H1,M1,10:30,11:30,11:30,19:00,21:30,0.05,200.0,POINTS,600.0,POINTS,300.0,POINTS,700.0,POINTS,52,32,20,61.54,139.93,1.15,-504.87
488,False,BOTH,H1,M1,10:30,11:30,11:30,19:00,21:30,0.05,200.0,POINTS,600.0,POINTS,400.0,POINTS,700.0,POINTS,52,32,20,61.54,139.93,1.15,-504.87
489,False,BOTH,H1,M1,10:30,11:30,11:30,19:00,21:30,0.05,200.0,POINTS,600.0,POINTS,200.0,POINTS,700.0,POINTS,52,32,20,61.54,139.93,1.15,-504.87
490,False,BOTH,H1,M1,10:30,11:30,11:30,19:00,21:30,0.05,200.0,POINTS,500.0,POINTS,300.0,POINTS,700.0,POINTS,52,32,20,61.54,139.93,1.15,-504.87
491,False,BOTH,H1,M1,10:30,11:30,11:30,19:00,21:30,0.05,200.0,POINTS,500.0,POINTS,400.0,POINTS,700.0,POINTS,52,32,20,61.54,139.93,1.15,-504.87
492,False,BOTH,H1,M1,10:30,11:30,11:30,19:00,21:30,0.05,200.0,POINTS,500.0,POINTS,200.0,POINTS,700.0,POINTS,52,32,20,61.54,139.93,1.15,-504.87
493,False,BOTH,H1,M2,10:30,11:30,11:30,19:00,21:30,0.05,200.0,POINTS,400.0,POINTS,300.0,POINTS,700.0,POINTS,52,32,20,61.54,139.93,1.15,-504.87
494,False,BOTH,H1,M2,10:30,11:30,11:30,19:00,21:30,0.05,200.0,POINTS,400.0,POINTS,400.0,POINTS,700.0,POINTS,52,32,20,61.54,139.93,1.15,-504.87
495,False,BOTH,H1,M2,10:30,11:30,11:30,19:00,21:30,0.05,200.0,POINTS,400.0,POINTS,200.0,POINTS,700.0,POINTS,52,32,20,61.54,139.93,1.15,-504.87
496,False,BOTH,H1,M2,10:30,11:30,11:30,19:00,21:30,0.05,200.0,POINTS,700.0,POINTS,300.0,POINTS,700.0,POINTS,52,32,20,61.54,139.93,1.15,-504.87
497,False,BOTH,H1,M2,10:30,11:30,11:30,19:00,21:30,0.05,200.0,POINTS,700.0,POINTS,400.0,POINTS,700.0,POINTS,52,32,20,61.54,139.93,1.15,-504.87
498,False,BOTH,H1,M2,10:30,11:30,11:30,19:00,21:30,0.05,200.0,POINTS,700.0,POINTS,200.0,POINTS,700.0,POINTS,52,32,20,61.54,139.93,1.15,-504.87
499,False,BOTH,H1,M2,10:30,11:30,11:30,19:00,21:30,0.05,200.0,POINTS,600.0,POINTS,300.0,POINTS,700.0,POINTS,52,32,20,61.54,139.93,1.15,-504.87
500,False,BOTH,H1,M2,10:30,11:30,11:30,19:00,21:30,0.05,200.0,POINTS,600.0,POINTS,400.0,POINTS,700.0,POINTS,52,32,20,61.54,139.93,1.15,-504.87
